Verified,Title,Description,Source,Hazard,Incident on,Province,District,Municipality,Ward,Total estimated loss (NPR),Agriculture economic loss (NPR),Infrastructure economic loss (NPR),Total infrastructure destroyed,House destroyed,House affected,Total livestock destroyed,Total - People Death,Male - People Death,Female - People Death,Unknown - People Death,Disabled - People Death,Total - People Missing,Male - People Missing,Female - People Missing,Unknown - People Missing,Disabled - People Missing,Total - People Injured,Male - People Injured,Female - People Injured,Unknown - People Injured,Disabled - People Injured
Yes,"Landslide at Aulise , Barahtal Rural Municipality-8",-,other,Landslide,2026-09-13,Karnali,Surkhet,Barahtal,8,0,0,0,0,0,0,0,0,0,0,0,0,0,0,0,0,0,0,0,0,0,0
Yes,"Landslide at Ghattekhola , Jugal Rural Municipality-2",-,other,Landslide,2026-09-13,Bagmati,Sindhupalchok,Jugal,2,0,0,0,0,0,0,0,0,0,0,0,0,0,0,0,0,0,0,0,0,0,0
Yes,Landslide at Rolpa Municipality-10,-,other,Landslide,2026-09-13,Lumbini,Rolpa,Rolpa,10,0,0,0,0,0,0,0,0,0,0,0,0,0,0,0,0,0,0,0,0,0,0
Yes,Landslide at Bhaktapur Municipality-9,-,other,Landslide,2026-09-13,Bagmati,Bhaktapur,Bhaktapur,9,1360000,0,0,0,0,1,0,0,0,0,0,0,0,0,0,0,0,0,0,0,0,0
Yes,Landslide at Bhimphedi Rural Municipality-9,-,other,Landslide,2026-09-13,Bagmati,Makwanpur,Bhimphedi,9,0,0,0,0,0,0,0,0,0,0,0,0,0,0,0,0,0,0,0,0,0,0
Yes,Landslide at Molung Rural Municipality-1,-,other,Landslide,2026-09-13,Koshi,Okhaldhunga,Molung,1,0,0,0,0,0,0,0,0,0,0,0,0,0,0,0,0,0,0,0,0,0,0
Yes,"Landslide at Gagane Khola , Shubhakalika Rural Municipality-1",-,other,Landslide,2026-09-13,Karnali,Kalikot,Shubhakalika,1,0,0,0,0,0,0,0,0,0,0,0,0,0,0,0,0,0,0,0,0,0,0
Yes,"Landslide at Aakashebhanjyang , Phidim Municipality-11",-,other,Landslide,2026-09-13,Koshi,Panchthar,Phidim,11,0,0,0,0,0,0,0,0,0,0,0,0,0,0,0,0,0,0,0,0,0,0
Yes,Landslide at Tripurasundari Municipality-5,-,other,Landslide,2026-09-13,Karnali,Dolpa,Tripurasundari,5,0,0,0,0,0,0,0,0,0,0,0,0,0,0,0,0,0,0,0,0,0,0
Yes,Landslide at Bhumikasthan Municipality-7,-,other,Landslide,2026-09-13,Lumbini,Arghakhanchi,Bhumikasthan,7,0,0,0,0,0,0,0,0,0,0,0,0,0,0,0,0,0,0,0,0,0,0
Yes,Landslide at Bhaktapur Municipality-9,-,other,Landslide,2026-09-13,Bagmati,Bhaktapur,Bhaktapur,9,0,0,0,0,0,0,0,0,0,0,0,0,0,0,0,0,0,0,0,0,0,0
Yes,Landslide at Ilam Municipality-12,-,other,Landslide,2026-09-12,Koshi,Ilam,Ilam,12,0,0,0,0,0,0,0,0,0,0,0,0,0,0,0,0,0,0,0,0,0,0
Yes,"Landslide at Nelbot , Pokhara Metropolitan City-25",-,other,Landslide,2026-09-12,Gandaki,Kaski,Pokhara,25,0,0,0,0,0,0,0,0,0,0,0,0,0,0,0,0,0,0,0,0,0,0
Yes,Landslide at Apihimal Rural Municipality-6,-,other,Landslide,2026-09-12,Sudurpashchim,Darchula,Apihimal,6,0,0,0,1,1,0,0,0,0,0,0,0,0,0,0,0,0,0,0,0,0,0
Yes,Landslide at Dharche Rural Municipality-5,-,other,Landslide,2026-09-12,Gandaki,Gorkha,Dharche,5,0,0,0,0,0,0,0,0,0,0,0,0,0,0,0,0,0,0,0,0,0,0
Yes,"Landslide at Chankhu , Bigu Rural Municipality-1",-,other,Landslide,2026-09-12,Bagmati,Dolakha,Bigu,1,0,0,0,0,0,0,0,0,0,0,0,0,0,0,0,0,0,1,0,0,1,0
Yes,"Landslide at Kasthali Laphra , Gokulganga Rural Municipality-4",-,other,Landslide,2026-09-12,Bagmati,Ramechhap,Gokulganga,4,0,0,0,0,0,0,1,0,0,0,0,0,0,0,0,0,0,0,0,0,0,0
Yes,Landslide at Inaruwa Municipality-8,-,other,Landslide,2026-09-11,Koshi,Sunsari,Inaruwa,8,0,0,0,0,0,0,0,0,0,0,0,0,0,0,0,0,0,0,0,0,0,0
Yes,Landslide at Solududhkunda Municipality-6,-,other,Landslide,2026-09-11,Koshi,Solukhumbu,Solududhkunda,6,0,0,0,0,0,0,0,0,0,0,0,0,0,0,0,0,0,0,0,0,0,0
Yes,Landslide at Barahtal Rural Municipality-8,-,other,Landslide,2026-09-11,Karnali,Surkhet,Barahtal,8,0,0,0,0,0,0,0,0,0,0,0,0,0,0,0,0,0,0,0,0,0,0
Yes,Landslide at Kamalamai Municipality-5,-,other,Landslide,2026-09-11,Bagmati,Sindhuli,Kamalamai,5,0,0,0,0,0,0,0,0,0,0,0,0,0,0,0,0,0,0,0,0,0,0
Yes,Landslide at Suryagadhi Rural Municipality-4,-,other,Landslide,2026-09-11,Bagmati,Nuwakot,Suryagadhi,4,0,0,0,0,0,0,0,1,1,0,0,0,0,0,0,0,0,0,0,0,0,0
Yes,Landslide at Barhadashi Rural Municipality-7,-,other,Landslide,2026-09-11,Koshi,Jhapa,Barhadashi,7,27000,0,0,0,0,1,0,0,0,0,0,0,0,0,0,0,0,0,0,0,0,0
Yes,"Landslide at Halle , Gokulganga Rural Municipality-4",-,other,Landslide,2026-09-10,Bagmati,Ramechhap,Gokulganga,4,0,0,0,0,0,0,0,0,0,0,0,0,0,0,0,0,0,0,0,0,0,0
Yes,"Landslide at Gagene, Pachaljharana Rural Municipality-3",-,other,Landslide,2026-09-10,Karnali,Kalikot,Pachaljharana,3,0,0,0,0,0,0,0,0,0,0,0,0,0,0,0,0,0,0,0,0,0,0
Yes,Landslide at Bharatpur Metropolitan City-29,-,other,Landslide,2026-09-10,Bagmati,Chitwan,Bharatpur,29,0,0,0,0,0,0,0,0,0,0,0,0,0,0,0,0,0,0,0,0,0,0
Yes,Landslide at Rautamai Rural Municipality-7,-,other,Landslide,2026-09-10,Koshi,Udayapur,Rautamai,7,0,0,0,1,1,0,0,0,0,0,0,0,0,0,0,0,0,0,0,0,0,0
Yes,"Landslide at Dudhkhola, Inaruwa Municipality-8",-,other,Landslide,2026-09-10,Koshi,Sunsari,Inaruwa,8,0,0,0,0,0,0,0,0,0,0,0,0,0,0,0,0,0,0,0,0,0,0
Yes,Landslide at Rolpa Municipality-10,-,other,Landslide,2026-09-10,Lumbini,Rolpa,Rolpa,10,0,0,0,0,0,0,0,0,0,0,0,0,0,0,0,0,0,0,0,0,0,0
Yes,Landslide at Khumbu Pasanglhamu Rural Municipality-3,-,other,Landslide,2026-09-10,Koshi,Solukhumbu,Khumbu Pasanglhamu,3,0,0,0,0,0,0,0,0,0,0,0,0,0,0,0,0,0,0,0,0,0,0
Yes,Landslide at Khumbu Pasanglhamu Rural Municipality-3,-,other,Landslide,2026-09-10,Koshi,Solukhumbu,Khumbu Pasanglhamu,3,0,0,0,0,0,0,0,0,0,0,0,0,0,0,0,0,0,0,0,0,0,0
Yes,Landslide at Resunga Municipality-14,-,other,Landslide,2026-09-10,Lumbini,Gulmi,Resunga,14,0,0,0,0,0,0,0,0,0,0,0,0,0,0,0,0,0,0,0,0,0,0
Yes,"Landslide at Ghattekhola , Jugal Rural Municipality-2",-,other,Landslide,2026-09-09,Bagmati,Sindhupalchok,Jugal,2,0,0,0,0,0,0,0,0,0,0,0,0,0,0,0,0,0,0,0,0,0,0
Yes,"Landslide at Chatiban, Gokulganga Rural Municipality-4",-,other,Landslide,2026-09-09,Bagmati,Ramechhap,Gokulganga,4,0,0,0,0,0,0,0,0,0,0,0,0,0,0,0,0,0,0,0,0,0,0
Yes,Landslide at Rautamai Rural Municipality-7,-,other,Landslide,2026-09-09,Koshi,Udayapur,Rautamai,7,0,0,0,0,0,0,0,0,0,0,0,0,0,0,0,0,0,0,0,0,0,0
Yes,Landslide at Phidim Municipality-11,-,other,Landslide,2026-09-09,Koshi,Panchthar,Phidim,11,0,0,0,1,1,0,0,0,0,0,0,0,0,0,0,0,0,0,0,0,0,0
Yes,"Landslide at Dhansari, Inaruwa Municipality-8",-,other,Landslide,2026-09-09,Koshi,Sunsari,Inaruwa,8,0,0,0,0,0,0,0,0,0,0,0,0,0,0,0,0,0,0,0,0,0,0
Yes,"Landslide at Aakashebhanjyang , Phidim Municipality-11",-,other,Landslide,2026-09-09,Koshi,Panchthar,Phidim,11,0,0,0,0,0,0,0,0,0,0,0,0,0,0,0,0,0,0,0,0,0,0
Yes,"Landslide at Bahaaundanda, Netrawati Dabjong Rural Municipality-1",-,other,Landslide,2026-09-08,Bagmati,Dhading,Netrawati Dabjong,1,0,0,0,0,0,0,0,0,0,0,0,0,0,0,0,0,0,0,0,0,0,0
Yes,"Landslide at Kamerabhir, Netrawati Dabjong Rural Municipality-1",-,other,Landslide,2026-09-08,Bagmati,Dhading,Netrawati Dabjong,1,0,0,0,0,0,0,0,0,0,0,0,0,0,0,0,0,0,0,0,0,0,0
Yes,Landslide at Resunga Municipality-14,-,other,Landslide,2026-09-08,Lumbini,Gulmi,Resunga,14,0,0,0,0,0,0,0,0,0,0,0,0,0,0,0,0,0,0,0,0,0,0
Yes,"Landslide at Chitre, Molung Rural Municipality-1",-,other,Landslide,2026-09-08,Koshi,Okhaldhunga,Molung,1,0,0,0,0,0,0,0,0,0,0,0,0,0,0,0,0,0,0,0,0,0,0
Yes,Landslide at Sharada Municipality-9,-,other,Landslide,2026-09-08,Karnali,Salyan,Sharada,9,0,0,0,0,0,0,0,0,0,0,0,0,0,0,0,0,0,0,0,0,0,0
Yes,Landslide at Konjyosom Rural Municipality-4,-,other,Landslide,2026-09-08,Bagmati,Lalitpur,Konjyosom,4,0,0,0,0,0,0,0,0,0,0,0,0,0,0,0,0,0,0,0,0,0,0
Yes,Landslide at Rolpa Municipality-10,-,other,Landslide,2026-09-08,Lumbini,Rolpa,Rolpa,10,0,0,0,0,0,0,0,0,0,0,0,0,0,0,0,0,0,0,0,0,0,0
Yes,Landslide at Naubahini Rural Municipality-7,-,other,Landslide,2026-09-08,Lumbini,Pyuthan,Naubahini,7,0,0,0,0,0,0,0,0,0,0,0,0,0,0,0,0,0,0,0,0,0,0
Yes,"Landslide at Barhakilo , Netrawati Dabjong Rural Municipality-1",-,other,Landslide,2026-09-08,Bagmati,Dhading,Netrawati Dabjong,1,0,0,0,0,0,0,0,0,0,0,0,0,0,0,0,0,0,0,0,0,0,0
Yes,Landslide at Thakre Rural Municipality-2,-,other,Landslide,2026-09-08,Bagmati,Dhading,Thakre,2,0,0,0,0,0,0,0,0,0,0,0,0,0,0,0,0,0,0,0,0,0,0
Yes,Landslide at Pachaljharana Rural Municipality-3,-,other,Landslide,2026-09-08,Karnali,Kalikot,Pachaljharana,3,0,0,0,0,0,0,0,0,0,0,0,0,0,0,0,0,0,0,0,0,0,0
Yes,Landslide at Inaruwa Municipality-8,-,other,Landslide,2026-09-08,Koshi,Sunsari,Inaruwa,8,0,0,0,0,0,0,0,0,0,0,0,0,0,0,0,0,0,0,0,0,0,0
Yes,Landslide at Netrawati Dabjong Rural Municipality-1,-,other,Landslide,2026-09-08,Bagmati,Dhading,Netrawati Dabjong,1,0,0,0,0,0,0,0,0,0,0,0,0,0,0,0,0,0,0,0,0,0,0
Yes,Landslide at Ghorahi Submetropolitan City-5,-,other,Landslide,2026-09-08,Lumbini,Dang,Ghorahi,5,0,0,0,0,0,0,0,0,0,0,0,0,0,0,0,0,0,0,0,0,0,0
Yes,Landslide at Molung Rural Municipality-1,-,other,Landslide,2026-09-08,Koshi,Okhaldhunga,Molung,1,0,0,0,0,0,0,0,0,0,0,0,0,0,0,0,0,0,0,0,0,0,0
Yes,"Landslide at Dudhkhola, Inaruwa Municipality-8",-,other,Landslide,2026-09-08,Koshi,Sunsari,Inaruwa,8,0,0,0,0,0,0,0,0,0,0,0,0,0,0,0,0,0,0,0,0,0,0
Yes,Landslide at Banphikot Rural Municipality-6,-,other,Landslide,2026-09-08,Karnali,Rukum West,Banphikot,6,0,0,0,0,0,0,0,0,0,0,0,0,0,0,0,0,0,0,0,0,0,0
Yes,Landslide at Bhaktapur Municipality-9,-,other,Landslide,2026-09-08,Bagmati,Bhaktapur,Bhaktapur,9,20000,0,0,0,0,0,0,0,0,0,0,0,0,0,0,0,0,0,0,0,0,0
Yes,"Landslide at Bagegaira, Nalgaad Municipality-12",-,other,Landslide,2026-09-08,Karnali,Jajarkot,Nalgaad,12,0,0,0,0,0,0,0,0,0,0,0,0,0,0,0,0,0,0,0,0,0,0
Yes,Landslide at Kushma Municipality-10,-,other,Landslide,2026-09-07,Gandaki,Parbat,Kushma,10,0,0,0,0,0,0,0,0,0,0,0,0,0,0,0,0,0,0,0,0,0,0
Yes,Landslide at Surnaya Rural Municipality-5,-,other,Landslide,2026-09-07,Sudurpashchim,Baitadi,Surnaya,5,0,0,0,0,0,0,0,0,0,0,0,0,0,0,0,0,0,0,0,0,0,0
Yes,Landslide at Mahabu Rural Municipality-2,-,other,Landslide,2026-09-07,Karnali,Dailekh,Mahabu,2,0,0,0,0,0,0,0,0,0,0,0,0,0,0,0,0,0,0,0,0,0,0
Yes,Landslide at Surnaya Rural Municipality-5,-,other,Landslide,2026-09-07,Sudurpashchim,Baitadi,Surnaya,5,0,0,0,0,0,0,0,0,0,0,0,0,0,0,0,0,0,0,0,0,0,0
Yes,"Landslide at Gangor , Bigu Rural Municipality-1",-,other,Landslide,2026-09-07,Bagmati,Dolakha,Bigu,1,0,0,0,0,0,0,0,0,0,0,0,0,0,0,0,0,0,0,0,0,0,0
Yes,Landslide at Barahtal Rural Municipality-8,-,other,Landslide,2026-09-07,Karnali,Surkhet,Barahtal,8,0,0,0,0,0,1,0,0,0,0,0,0,0,0,0,0,0,0,0,0,0,0
Yes,Landslide at Alital Rural Municipality-3,-,other,Landslide,2026-09-07,Sudurpashchim,Dadeldhura,Alital,3,0,0,0,0,0,1,0,0,0,0,0,0,0,0,0,0,0,0,0,0,0,0
Yes,"Landslide at Saunepani , Surnaya Rural Municipality-5",-,other,Landslide,2026-09-06,Sudurpashchim,Baitadi,Surnaya,5,0,0,0,0,0,0,0,0,0,0,0,0,0,0,0,0,0,0,0,0,0,0
Yes,Landslide at Gokulganga Rural Municipality-4,-,other,Landslide,2026-09-06,Bagmati,Ramechhap,Gokulganga,4,0,0,0,0,0,0,0,0,0,0,0,0,0,0,0,0,0,0,0,0,0,0
Yes,Landslide at Khumbu Pasanglhamu Rural Municipality-3,-,other,Landslide,2026-09-06,Koshi,Solukhumbu,Khumbu Pasanglhamu,3,0,0,0,0,0,0,0,0,0,0,0,0,0,0,0,0,0,0,0,0,0,0
Yes,Landslide at Shivanath Rural Municipality-5,-,other,Landslide,2026-09-06,Sudurpashchim,Baitadi,Shivanath,5,0,0,0,0,0,0,0,0,0,0,0,0,0,0,0,0,0,0,0,0,0,0
Yes,Landslide at Surnaya Rural Municipality-5,-,other,Landslide,2026-09-06,Sudurpashchim,Baitadi,Surnaya,5,0,0,0,0,0,0,0,0,0,0,0,0,0,0,0,0,0,0,0,0,0,0
Yes,Landslide at Shuklaphanta National Park National Park-99,-,other,Landslide,2026-09-06,Sudurpashchim,Kanchanpur,Shuklaphanta National Park,99,0,0,0,0,0,0,0,0,0,0,0,0,0,0,0,0,0,0,0,0,0,0
Yes,Landslide at Surma Rural Municipality-1,-,other,Landslide,2026-09-06,Sudurpashchim,Bajhang,Surma,1,0,0,0,0,0,0,0,0,0,0,0,0,0,0,0,0,0,0,0,0,0,0
Yes,Landslide at Gokulganga Rural Municipality-4,-,other,Landslide,2026-09-06,Bagmati,Ramechhap,Gokulganga,4,0,0,0,0,0,0,0,0,0,0,0,0,0,0,0,0,0,0,0,0,0,0
Yes,Landslide at Alital Rural Municipality-8,-,other,Landslide,2026-09-06,Sudurpashchim,Dadeldhura,Alital,8,0,0,0,0,0,0,0,0,0,0,0,0,0,0,0,0,0,0,0,0,0,0
Yes,"Landslide at Aaringale, Sharada Municipality-9",-,other,Landslide,2026-09-06,Karnali,Salyan,Sharada,9,0,0,0,0,0,0,0,0,0,0,0,0,0,0,0,0,0,0,0,0,0,0
Yes,"Landslide at Gothana, Alital Rural Municipality-3",-,other,Landslide,2026-09-06,Sudurpashchim,Dadeldhura,Alital,3,0,0,0,0,0,0,0,0,0,0,0,0,0,0,0,0,0,0,0,0,0,0
Yes,"Landslide at Chourkhola, Sharada Municipality-9",-,other,Landslide,2026-09-06,Karnali,Salyan,Sharada,9,0,0,0,0,0,0,0,0,0,0,0,0,0,0,0,0,0,0,0,0,0,0
Yes,Landslide at Ghorahi Submetropolitan City-5,-,other,Landslide,2026-09-06,Lumbini,Dang,Ghorahi,5,0,0,0,0,0,0,0,0,0,0,0,0,0,0,0,0,0,0,0,0,0,0
Yes,Landslide at Sharada Municipality-9,-,other,Landslide,2026-09-06,Karnali,Salyan,Sharada,9,0,0,0,0,0,0,0,1,0,0,1,0,0,0,0,0,0,1,1,0,0,0
Yes,Landslide at Surnaya Rural Municipality-5,-,other,Landslide,2026-09-05,Sudurpashchim,Baitadi,Surnaya,5,0,0,0,0,0,0,0,0,0,0,0,0,0,0,0,0,0,0,0,0,0,0
Yes,Landslide at Sharada Municipality-9,-,other,Landslide,2026-09-05,Karnali,Salyan,Sharada,9,0,0,0,0,0,0,0,0,0,0,0,0,0,0,0,0,0,0,0,0,0,0
Yes,Landslide at Barahtal Rural Municipality-8,-,other,Landslide,2026-09-05,Karnali,Surkhet,Barahtal,8,0,0,0,0,0,0,0,0,0,0,0,0,0,0,0,0,0,0,0,0,0,0
Yes,Landslide at Pachaljharana Rural Municipality-3,-,other,Landslide,2026-09-05,Karnali,Kalikot,Pachaljharana,3,0,0,0,0,0,0,0,0,0,0,0,0,0,0,0,0,0,0,0,0,0,0
Yes,Landslide at Pachaljharana Rural Municipality-3,-,other,Landslide,2026-09-05,Karnali,Kalikot,Pachaljharana,3,0,0,0,0,0,0,0,0,0,0,0,0,0,0,0,0,0,0,0,0,0,0
Yes,Landslide at Lalitpur Metropolitan City-24,-,other,Landslide,2026-09-05,Bagmati,Lalitpur,Lalitpur,24,0,0,0,0,0,0,0,0,0,0,0,0,0,0,0,0,0,0,0,0,0,0
Yes,Landslide at Shey Phoksundo Rural Municipality-99,-,other,Landslide,2026-09-05,Karnali,Dolpa,Shey Phoksundo,99,0,0,0,0,0,0,0,0,0,0,0,0,0,0,0,0,0,0,0,0,0,0
Yes,"Landslide at Chhipredaha , Shey Phoksundo Rural Municipality-99",-,other,Landslide,2026-09-05,Karnali,Dolpa,Shey Phoksundo,99,0,0,0,0,0,0,0,0,0,0,0,0,0,0,0,0,0,0,0,0,0,0
Yes,Landslide at Konjyosom Rural Municipality-4,-,other,Landslide,2026-09-05,Bagmati,Lalitpur,Konjyosom,4,0,0,0,0,0,0,0,0,0,0,0,0,0,0,0,0,0,0,0,0,0,0
Yes,Landslide at Rolpa Municipality-10,-,other,Landslide,2026-09-05,Lumbini,Rolpa,Rolpa,10,0,0,0,0,0,0,0,0,0,0,0,0,0,0,0,0,0,0,0,0,0,0
Yes,Landslide at Resunga Municipality-14,-,other,Landslide,2026-09-05,Lumbini,Gulmi,Resunga,14,0,0,0,0,0,0,0,0,0,0,0,0,0,0,0,0,0,0,0,0,0,0
Yes,Landslide at Shey Phoksundo Rural Municipality-99,-,other,Landslide,2026-09-05,Karnali,Dolpa,Shey Phoksundo,99,0,0,0,0,0,0,80,0,0,0,0,0,0,0,0,0,0,0,0,0,0,0
Yes,Landslide at Shey Phoksundo Rural Municipality-99,-,other,Landslide,2026-09-05,Karnali,Dolpa,Shey Phoksundo,99,0,0,0,0,0,0,80,0,0,0,0,0,0,0,0,0,0,0,0,0,0,0
Yes,"Landslide at Chachalung, Khumbu Pasanglhamu Rural Municipality-3",-,other,Landslide,2026-09-05,Koshi,Solukhumbu,Khumbu Pasanglhamu,3,0,0,0,0,0,0,0,0,0,0,0,0,0,0,0,0,0,0,0,0,0,0
Yes,"Landslide at Lafabazer, Pachaljharana Rural Municipality-3",-,other,Landslide,2026-09-05,Karnali,Kalikot,Pachaljharana,3,0,0,0,0,0,0,0,0,0,0,0,0,0,0,0,0,0,0,0,0,0,0
Yes,"Landslide at Sisnegadha, Pachaljharana Rural Municipality-3",-,other,Landslide,2026-09-04,Karnali,Kalikot,Pachaljharana,3,0,0,0,0,0,0,0,0,0,0,0,0,0,0,0,0,0,0,0,0,0,0
Yes,"Landslide at Singati, Bigu Rural Municipality-1",-,other,Landslide,2026-09-04,Bagmati,Dolakha,Bigu,1,0,0,0,0,0,0,0,0,0,0,0,0,0,0,0,0,0,0,0,0,0,0
Yes,Landslide at Pachaljharana Rural Municipality-3,-,other,Landslide,2026-09-04,Karnali,Kalikot,Pachaljharana,3,0,0,0,0,0,0,0,0,0,0,0,0,0,0,0,0,0,0,0,0,0,0
Yes,Landslide at Machhapuchchhre Rural Municipality-2,-,other,Landslide,2026-09-04,Gandaki,Kaski,Machhapuchchhre,2,0,0,0,0,0,0,0,2,2,0,0,0,0,0,0,0,0,1,1,0,0,0
Yes,Landslide at Gaumul Rural Municipality-1,-,other,Landslide,2026-09-04,Sudurpashchim,Bajura,Gaumul,1,0,0,0,0,0,0,0,0,0,0,0,0,0,0,0,0,0,0,0,0,0,0
Yes,Landslide at Kushma Municipality-10,-,other,Landslide,2026-09-04,Gandaki,Parbat,Kushma,10,0,0,0,0,0,0,0,0,0,0,0,0,0,0,0,0,0,0,0,0,0,0
Yes,Landslide at Gauriganga Municipality-9,-,other,Landslide,2026-09-04,Sudurpashchim,Kailali,Gauriganga,9,0,0,0,0,0,0,0,0,0,0,0,0,0,0,0,0,0,0,0,0,0,0
Yes,"Landslide at Bhattadanda, Konjyosom Rural Municipality-4",-,other,Landslide,2026-09-04,Bagmati,Lalitpur,Konjyosom,4,0,0,0,0,0,0,0,0,0,0,0,0,0,0,0,0,0,0,0,0,0,0
Yes,"Landslide at Bam, Gaumul Rural Municipality-1",-,other,Landslide,2026-09-04,Sudurpashchim,Bajura,Gaumul,1,0,0,0,0,0,0,0,0,0,0,0,0,0,0,0,0,0,0,0,0,0,0
Yes,Landslide at Alital Rural Municipality-3,-,other,Landslide,2026-09-04,Sudurpashchim,Dadeldhura,Alital,3,0,0,0,0,0,0,0,0,0,0,0,0,0,0,0,0,0,0,0,0,0,0
Yes,Landslide at Pachaljharana Rural Municipality-3,-,other,Landslide,2026-09-04,Karnali,Kalikot,Pachaljharana,3,0,0,0,0,0,0,0,0,0,0,0,0,0,0,0,0,0,0,0,0,0,0
Yes,"Landslide at Gagene, Pachaljharana Rural Municipality-3",-,other,Landslide,2026-09-04,Karnali,Kalikot,Pachaljharana,3,0,0,0,0,0,0,0,0,0,0,0,0,0,0,0,0,0,0,0,0,0,0
Yes,Landslide at Konjyosom Rural Municipality-4,-,other,Landslide,2026-09-04,Bagmati,Lalitpur,Konjyosom,4,0,0,0,0,0,0,0,0,0,0,0,0,0,0,0,0,0,0,0,0,0,0
Yes,Landslide at Gaumul Rural Municipality-1,-,other,Landslide,2026-09-04,Sudurpashchim,Bajura,Gaumul,1,0,0,0,0,0,0,0,0,0,0,0,0,0,0,0,0,0,0,0,0,0,0
Yes,Landslide at Netrawati Dabjong Rural Municipality-1,-,other,Landslide,2026-09-04,Bagmati,Dhading,Netrawati Dabjong,1,0,0,0,0,0,0,0,0,0,0,0,0,0,0,0,0,0,0,0,0,0,0
Yes,"Landslide at Sukebagar , Raghuganga Rural Municipality-8",-,other,Landslide,2026-09-04,Gandaki,Myagdi,Raghuganga,8,0,0,0,0,0,0,0,0,0,0,0,0,0,0,0,0,0,0,0,0,0,0
Yes,Landslide at Gaumul Rural Municipality-2,-,other,Landslide,2026-09-04,Sudurpashchim,Bajura,Gaumul,2,0,0,0,0,0,0,0,0,0,0,0,0,0,0,0,0,0,0,0,0,0,0
Yes,Landslide at Baglung Municipality-13,-,other,Landslide,2026-09-04,Gandaki,Baglung,Baglung,13,0,0,0,1,1,0,0,0,0,0,0,0,0,0,0,0,0,0,0,0,0,0
Yes,Landslide at Badimalika Municipality-8,-,other,Landslide,2026-09-04,Sudurpashchim,Bajura,Badimalika,8,0,0,0,1,1,1,2,0,0,0,0,0,0,0,0,0,0,0,0,0,0,0
Yes,"Landslide at Kerabari, Dharche Rural Municipality-5",-,other,Landslide,2026-09-03,Gandaki,Gorkha,Dharche,5,0,0,0,0,0,0,0,0,0,0,0,0,0,0,0,0,0,0,0,0,0,0
Yes,"Landslide at Shahukharka, Alital Rural Municipality-3",-,other,Landslide,2026-09-03,Sudurpashchim,Dadeldhura,Alital,3,0,0,0,0,0,0,0,0,0,0,0,0,0,0,0,0,0,0,0,0,0,0
Yes,"Landslide at Dandakharka, Phedap Rural Municipality-3",-,other,Landslide,2026-09-03,Koshi,Terhathum,Phedap,3,0,0,0,0,0,0,0,0,0,0,0,0,0,0,0,0,0,0,0,0,0,0
Yes,Landslide at Gaumul Rural Municipality-1,-,other,Landslide,2026-09-03,Sudurpashchim,Bajura,Gaumul,1,0,0,0,0,0,0,3,0,0,0,0,0,0,0,0,0,0,0,0,0,0,0
Yes,"Landslide at Ratamata, Pachaljharana Rural Municipality-3",-,other,Landslide,2026-09-03,Karnali,Kalikot,Pachaljharana,3,0,0,0,0,0,1,0,0,0,0,0,0,0,0,0,0,0,0,0,0,0,0
Yes,Landslide at Surnaya Rural Municipality-5,-,other,Landslide,2026-09-03,Sudurpashchim,Baitadi,Surnaya,5,0,0,0,0,0,0,0,0,0,0,0,0,0,0,0,0,0,0,0,0,0,0
Yes,"Landslide at Bhattedande, Konjyosom Rural Municipality-4",-,other,Landslide,2026-09-03,Bagmati,Lalitpur,Konjyosom,4,0,0,0,0,0,0,0,0,0,0,0,0,0,0,0,0,0,0,0,0,0,0
Yes,Landslide at Alital Rural Municipality-3,-,other,Landslide,2026-09-03,Sudurpashchim,Dadeldhura,Alital,3,0,0,0,0,0,0,0,0,0,0,0,0,0,0,0,0,0,0,0,0,0,0
Yes,Landslide at Apihimal Rural Municipality-6,-,other,Landslide,2026-09-03,Sudurpashchim,Darchula,Apihimal,6,0,0,0,0,0,0,0,0,0,0,0,0,0,0,0,0,0,0,0,0,0,0
Yes,Landslide at Alital Rural Municipality-3,-,other,Landslide,2026-09-02,Sudurpashchim,Dadeldhura,Alital,3,0,0,0,0,0,0,0,0,0,0,0,0,0,0,0,0,0,0,0,0,0,0
Yes,Landslide at Bhumikasthan Municipality-7,-,other,Landslide,2026-09-02,Lumbini,Arghakhanchi,Bhumikasthan,7,0,0,0,0,0,0,0,0,0,0,0,0,0,0,0,0,0,0,0,0,0,0
Yes,Landslide at Konjyosom Rural Municipality-4,-,other,Landslide,2026-09-02,Bagmati,Lalitpur,Konjyosom,4,0,0,0,0,0,0,0,0,0,0,0,0,0,0,0,0,0,0,0,0,0,0
Yes,Landslide at Rolpa Municipality-10,-,other,Landslide,2026-09-02,Lumbini,Rolpa,Rolpa,10,0,0,0,0,0,0,0,0,0,0,0,0,0,0,0,0,0,0,0,0,0,0
Yes,Landslide at Rolpa Municipality-10,-,other,Landslide,2026-09-02,Lumbini,Rolpa,Rolpa,10,0,0,0,0,0,0,0,0,0,0,0,0,0,0,0,0,0,0,0,0,0,0
Yes,Landslide at Dharche Rural Municipality-3,-,other,Landslide,2026-09-02,Gandaki,Gorkha,Dharche,3,0,0,0,0,0,0,0,0,0,0,0,0,0,0,0,0,0,0,0,0,0,0
Yes,Landslide at Surnaya Rural Municipality-5,-,other,Landslide,2026-09-02,Sudurpashchim,Baitadi,Surnaya,5,0,0,0,0,0,0,0,0,0,0,0,0,0,0,0,0,0,0,0,0,0,0
Yes,Landslide at Rolpa Municipality-10,-,other,Landslide,2026-09-02,Lumbini,Rolpa,Rolpa,10,0,0,0,0,0,0,0,0,0,0,0,0,0,0,0,0,0,0,0,0,0,0
Yes,Landslide at Sharada Municipality-9,-,other,Landslide,2026-09-02,Karnali,Salyan,Sharada,9,0,0,0,0,0,0,0,0,0,0,0,0,0,0,0,0,0,0,0,0,0,0
Yes,Landslide at Barahtal Rural Municipality-8,-,other,Landslide,2026-09-02,Karnali,Surkhet,Barahtal,8,0,0,0,0,0,0,0,0,0,0,0,0,0,0,0,0,0,0,0,0,0,0
Yes,Landslide at Bigu Rural Municipality-1,-,other,Landslide,2026-09-02,Bagmati,Dolakha,Bigu,1,0,0,0,0,0,0,0,0,0,0,0,0,0,0,0,0,0,0,0,0,0,0
Yes,"Landslide at Takurakhal , Mahabu Rural Municipality-2",-,other,Landslide,2026-09-02,Karnali,Dailekh,Mahabu,2,0,0,0,0,0,0,0,0,0,0,0,0,0,0,0,0,0,0,0,0,0,0
Yes,Landslide at Suryagadhi Rural Municipality-4,-,other,Landslide,2026-09-01,Bagmati,Nuwakot,Suryagadhi,4,0,0,0,0,0,0,0,0,0,0,0,0,0,0,0,0,0,0,0,0,0,0
Yes,Landslide at Konjyosom Rural Municipality-4,-,other,Landslide,2026-09-01,Bagmati,Lalitpur,Konjyosom,4,0,0,0,0,0,0,0,0,0,0,0,0,0,0,0,0,0,0,0,0,0,0
Yes,Landslide at Konjyosom Rural Municipality-4,-,other,Landslide,2026-09-01,Bagmati,Lalitpur,Konjyosom,4,0,0,0,0,0,0,0,0,0,0,0,0,0,0,0,0,0,0,0,0,0,0
Yes,Landslide at Banphikot Rural Municipality-6,-,other,Landslide,2026-09-01,Karnali,Rukum West,Banphikot,6,0,0,0,0,0,0,0,0,0,0,0,0,0,0,0,0,0,0,0,0,0,0
Yes,Landslide at Shikhar Municipality-2,-,other,Landslide,2026-09-01,Sudurpashchim,Doti,Shikhar,2,100000,0,0,0,0,1,0,0,0,0,0,0,0,0,0,0,0,0,0,0,0,0
Yes,Landslide at Jugal Rural Municipality-2,-,other,Landslide,2026-09-01,Bagmati,Sindhupalchok,Jugal,2,0,0,0,0,0,0,0,0,0,0,0,0,0,0,0,0,0,0,0,0,0,0
Yes,Landslide at Marsyangdi Rural Municipality-7,-,other,Landslide,2026-09-01,Gandaki,Lamjung,Marsyangdi,7,0,0,0,0,0,0,0,0,0,0,0,0,0,0,0,0,0,0,0,0,0,0
Yes,Landslide at Kageshwori Manahora Municipality-9,-,other,Landslide,2026-09-01,Bagmati,Kathmandu,Kageshwori Manahora,9,0,0,0,0,0,0,0,0,0,0,0,0,0,0,0,0,0,0,0,0,0,0
Yes,Landslide at Rolpa Municipality-10,-,other,Landslide,2026-09-01,Lumbini,Rolpa,Rolpa,10,0,0,0,0,0,0,0,0,0,0,0,0,0,0,0,0,0,0,0,0,0,0
Yes,Landslide at Konjyosom Rural Municipality-4,-,other,Landslide,2026-09-01,Bagmati,Lalitpur,Konjyosom,4,0,0,0,0,0,0,0,0,0,0,0,0,0,0,0,0,0,0,0,0,0,0
Yes,Landslide at Musikot Municipality-14,-,other,Landslide,2026-09-01,Karnali,Rukum West,Musikot,14,0,0,0,1,1,0,0,0,0,0,0,0,0,0,0,0,0,0,0,0,0,0
Yes,Landslide at Raghuganga Rural Municipality-8,-,other,Landslide,2026-08-31,Gandaki,Myagdi,Raghuganga,8,0,0,0,0,0,0,0,0,0,0,0,0,0,0,0,0,0,0,0,0,0,0
Yes,"Landslide at Rakse , Resunga Municipality-14",-,other,Landslide,2026-08-31,Lumbini,Gulmi,Resunga,14,0,0,0,0,0,0,0,0,0,0,0,0,0,0,0,0,0,0,0,0,0,0
Yes,"Landslide at Jhulaghat , Dasharathchanda Municipality-8",-,other,Landslide,2026-08-31,Sudurpashchim,Baitadi,Dasharathchanda,8,0,0,0,0,0,0,0,0,0,0,0,0,0,0,0,0,0,0,0,0,0,0
Yes,"Landslide at Dullu , Shikhar Municipality-2",-,other,Landslide,2026-08-31,Sudurpashchim,Doti,Shikhar,2,0,0,0,0,0,0,0,0,0,0,0,0,0,0,0,0,0,0,0,0,0,0
Yes,Landslide at Kushma Municipality-10,-,other,Landslide,2026-08-31,Gandaki,Parbat,Kushma,10,0,0,0,0,0,0,0,0,0,0,0,0,0,0,0,0,0,0,0,0,0,0
Yes,"Landslide at Bahane , Pyuthan Municipality-7",-,other,Landslide,2026-08-31,Lumbini,Pyuthan,Pyuthan,7,0,0,0,0,0,0,0,0,0,0,0,0,0,0,0,0,0,0,0,0,0,0
Yes,Landslide at Dharche Rural Municipality-5,-,other,Landslide,2026-08-31,Gandaki,Gorkha,Dharche,5,0,0,0,0,0,0,0,0,0,0,0,0,0,0,0,0,0,0,0,0,0,0
Yes,Landslide at Resunga Municipality-14,-,other,Landslide,2026-08-31,Lumbini,Gulmi,Resunga,14,0,0,0,0,0,0,0,0,0,0,0,0,0,0,0,0,0,0,0,0,0,0
Yes,Landslide at Shikhar Municipality-2,-,other,Landslide,2026-08-31,Sudurpashchim,Doti,Shikhar,2,0,0,0,0,0,0,4,0,0,0,0,0,0,0,0,0,0,0,0,0,0,0
Yes,Landslide at Apihimal Rural Municipality-6,-,other,Landslide,2026-08-31,Sudurpashchim,Darchula,Apihimal,6,0,0,0,0,0,0,0,0,0,0,0,0,0,0,0,0,0,0,0,0,0,0
Yes,"Landslide at Talcha , Mugum Karmarong Rural Municipality-7",-,other,Landslide,2026-08-31,Karnali,Mugu,Mugum Karmarong,7,0,0,0,0,0,0,0,0,0,0,0,0,0,0,0,0,0,0,0,0,0,0
Yes,"Landslide at Kamerebhir , Netrawati Dabjong Rural Municipality-1",-,other,Landslide,2026-08-31,Bagmati,Dhading,Netrawati Dabjong,1,0,0,0,0,0,0,0,0,0,0,0,0,0,0,0,0,0,0,0,0,0,0
Yes,Landslide at Kushma Municipality-10,-,other,Landslide,2026-08-31,Gandaki,Parbat,Kushma,10,0,0,0,0,0,0,0,0,0,0,0,0,0,0,0,0,0,0,0,0,0,0
Yes,Landslide at Marsyangdi Rural Municipality-7,-,other,Landslide,2026-08-31,Gandaki,Lamjung,Marsyangdi,7,0,0,0,0,0,0,0,0,0,0,0,0,0,0,0,0,0,0,0,0,0,0
Yes,Landslide at Apihimal Rural Municipality-6,-,other,Landslide,2026-08-31,Sudurpashchim,Darchula,Apihimal,6,0,0,0,0,0,0,0,0,0,0,0,0,0,0,0,0,0,0,0,0,0,0
Yes,"Landslide at Khokse Khola , Phaktanglung Rural Municipality-6",-,other,Landslide,2026-08-31,Koshi,Taplejung,Phaktanglung,6,0,0,0,0,0,0,0,0,0,0,0,0,0,0,0,0,0,0,0,0,0,0
Yes,Landslide at Alital Rural Municipality-3,-,other,Landslide,2026-08-31,Sudurpashchim,Dadeldhura,Alital,3,0,0,0,0,0,0,0,0,0,0,0,0,0,0,0,0,0,0,0,0,0,0
Yes,Landslide at Alital Rural Municipality-3,-,other,Landslide,2026-08-31,Sudurpashchim,Dadeldhura,Alital,3,0,0,0,0,0,0,0,0,0,0,0,0,0,0,0,0,0,0,0,0,0,0
Yes,Landslide at Pokhara Metropolitan City-25,-,other,Landslide,2026-08-31,Gandaki,Kaski,Pokhara,25,0,0,0,0,0,0,0,0,0,0,0,0,0,0,0,0,0,0,0,0,0,0
Yes,Landslide at Konjyosom Rural Municipality-4,-,other,Landslide,2026-08-31,Bagmati,Lalitpur,Konjyosom,4,0,0,0,0,0,0,0,0,0,0,0,0,0,0,0,0,0,0,0,0,0,0
Yes,Landslide at Banphikot Rural Municipality-6,-,other,Landslide,2026-08-31,Karnali,Rukum West,Banphikot,6,0,0,0,0,0,0,0,0,0,0,0,0,0,0,0,0,0,0,0,0,0,0
Yes,Landslide at Banphikot Rural Municipality-6,-,other,Landslide,2026-08-31,Karnali,Rukum West,Banphikot,6,0,0,0,0,0,0,0,0,0,0,0,0,0,0,0,0,0,0,0,0,0,0
Yes,Landslide at Netrawati Dabjong Rural Municipality-1,-,other,Landslide,2026-08-31,Bagmati,Dhading,Netrawati Dabjong,1,0,0,0,0,0,0,0,0,0,0,0,0,0,0,0,0,0,0,0,0,0,0
Yes,Landslide at Jagadulla Rural Municipality-3,-,other,Landslide,2026-08-31,Karnali,Dolpa,Jagadulla,3,0,0,0,0,0,0,0,0,0,0,0,0,0,0,0,0,0,0,0,0,0,0
Yes,Landslide at Alital Rural Municipality-3,-,other,Landslide,2026-08-31,Sudurpashchim,Dadeldhura,Alital,3,0,0,0,0,0,0,0,0,0,0,0,0,0,0,0,0,0,0,0,0,0,0
Yes,"Landslide at Shreechaur, Marsyangdi Rural Municipality-7",-,other,Landslide,2026-08-30,Gandaki,Lamjung,Marsyangdi,7,0,0,0,0,0,0,0,0,0,0,0,0,0,0,0,0,0,0,0,0,0,0
Yes,"Landslide at Betahani, Rapti Sonari Rural Municipality-2",-,other,Landslide,2026-08-30,Lumbini,Banke,Rapti Sonari,2,0,0,0,0,0,0,0,0,0,0,0,0,0,0,0,0,0,0,0,0,0,0
Yes,Landslide at Phaktanglung Rural Municipality-6,-,other,Landslide,2026-08-30,Koshi,Taplejung,Phaktanglung,6,0,0,0,0,0,0,0,0,0,0,0,0,0,0,0,0,0,0,0,0,0,0
Yes,"Landslide at Jhore, Lo Ghekar Damodarkunda Rural Municipality-5",-,other,Landslide,2026-08-30,Gandaki,Mustang,Lo Ghekar Damodarkunda,5,0,0,0,0,0,0,0,0,0,0,0,0,0,0,0,0,0,0,0,0,0,0
Yes,"Landslide at Kharkhola, Putha Uttarganga Rural Municipality-4",-,other,Landslide,2026-08-30,Lumbini,Rukum East,Putha Uttarganga,4,0,0,0,0,0,0,0,0,0,0,0,0,0,0,0,0,0,0,0,0,0,0
Yes,"Landslide at Chaurikharka, Dharche Rural Municipality-5",-,other,Landslide,2026-08-30,Gandaki,Gorkha,Dharche,5,0,0,0,0,0,0,0,0,0,0,0,0,0,0,0,0,0,0,0,0,0,0
Yes,Landslide at Shailyashikhar Municipality-6,-,other,Landslide,2026-08-30,Sudurpashchim,Darchula,Shailyashikhar,6,0,0,0,0,0,0,0,0,0,0,0,0,0,0,0,0,0,0,0,0,0,0
Yes,Landslide at Godawari Municipality-10,-,other,Landslide,2026-08-30,Bagmati,Lalitpur,Godawari,10,0,0,0,0,0,0,0,0,0,0,0,0,0,0,0,0,0,0,0,0,0,0
Yes,"Landslide at Bhattedanda, Konjyosom Rural Municipality-4",-,other,Landslide,2026-08-30,Bagmati,Lalitpur,Konjyosom,4,0,0,0,0,0,0,0,0,0,0,0,0,0,0,0,0,0,0,0,0,0,0
Yes,Landslide at Mathagadhi Rural Municipality-1,-,other,Landslide,2026-08-30,Lumbini,Palpa,Mathagadhi,1,0,0,0,0,0,0,0,0,0,0,0,0,0,0,0,0,0,0,0,0,0,0
Yes,Landslide at Dharche Rural Municipality-5,-,other,Landslide,2026-08-30,Gandaki,Gorkha,Dharche,5,0,0,0,0,0,0,0,0,0,0,0,0,0,0,0,0,0,1,1,0,0,0
Yes,Landslide at Tripurasundari Municipality-11,-,other,Landslide,2026-08-30,Karnali,Dolpa,Tripurasundari,11,0,0,0,1,1,0,0,0,0,0,0,0,0,0,0,0,0,0,0,0,0,0
Yes,Landslide at Amargadhi Municipality-10,-,other,Landslide,2026-08-30,Sudurpashchim,Dadeldhura,Amargadhi,10,0,0,0,0,0,0,0,0,0,0,0,0,0,0,0,0,0,0,0,0,0,0
Yes,Landslide at Raghuganga Rural Municipality-8,-,other,Landslide,2026-08-29,Gandaki,Myagdi,Raghuganga,8,0,0,0,0,0,0,0,0,0,0,0,0,0,0,0,0,0,0,0,0,0,0
Yes,"Landslide at Bhattedanda , Konjyosom Rural Municipality-4",-,other,Landslide,2026-08-29,Bagmati,Lalitpur,Konjyosom,4,0,0,0,0,0,0,0,0,0,0,0,0,0,0,0,0,0,0,0,0,0,0
Yes,Landslide at Dhorpatan Municipality-4,-,other,Landslide,2026-08-29,Gandaki,Baglung,Dhorpatan,4,0,0,0,1,1,0,0,0,0,0,0,0,0,0,0,0,0,0,0,0,0,0
Yes,Landslide at Surnaya Rural Municipality-5,-,other,Landslide,2026-08-29,Sudurpashchim,Baitadi,Surnaya,5,0,0,0,0,0,0,0,0,0,0,0,0,0,0,0,0,0,0,0,0,0,0
Yes,"Landslide at Aulise , Barahtal Rural Municipality-8",-,other,Landslide,2026-08-29,Karnali,Surkhet,Barahtal,8,0,0,0,0,0,0,0,0,0,0,0,0,0,0,0,0,0,0,0,0,0,0
Yes,"Landslide at Krishna Bhir , Netrawati Dabjong Rural Municipality-1",-,other,Landslide,2026-08-29,Bagmati,Dhading,Netrawati Dabjong,1,0,0,0,0,0,0,0,0,0,0,0,0,0,0,0,0,0,0,0,0,0,0
Yes,"Landslide at Haluwa , Gokulganga Rural Municipality-4",-,other,Landslide,2026-08-29,Bagmati,Ramechhap,Gokulganga,4,0,0,0,0,0,0,0,0,0,0,0,0,0,0,0,0,0,0,0,0,0,0
Yes,"Landslide at Kodari , Jugal Rural Municipality-2",-,other,Landslide,2026-08-29,Bagmati,Sindhupalchok,Jugal,2,0,0,0,0,0,0,0,0,0,0,0,0,0,0,0,0,0,0,0,0,0,0
Yes,Landslide at Rolpa Municipality-10,-,other,Landslide,2026-08-29,Lumbini,Rolpa,Rolpa,10,0,0,0,0,0,0,0,0,0,0,0,0,0,0,0,0,0,0,0,0,0,0
Yes,Landslide at Mugum Karmarong Rural Municipality-7,-,other,Landslide,2026-08-29,Karnali,Mugu,Mugum Karmarong,7,0,0,0,0,0,0,0,0,0,0,0,0,0,0,0,0,0,0,0,0,0,0
Yes,Landslide at Rolpa Municipality-10,-,other,Landslide,2026-08-29,Lumbini,Rolpa,Rolpa,10,0,0,0,0,0,0,0,0,0,0,0,0,0,0,0,0,0,0,0,0,0,0
Yes,"Landslide at Galchhi , Shikhar Municipality-2",-,other,Landslide,2026-08-29,Sudurpashchim,Doti,Shikhar,2,0,0,0,0,0,0,0,0,0,0,0,0,0,0,0,0,0,0,0,0,0,0
Yes,Landslide at Shikhar Municipality-2,-,other,Landslide,2026-08-29,Sudurpashchim,Doti,Shikhar,2,0,0,0,0,0,0,0,0,0,0,0,0,0,0,0,0,0,0,0,0,0,0
Yes,Landslide at Shikhar Municipality-2,-,other,Landslide,2026-08-29,Sudurpashchim,Doti,Shikhar,2,0,0,0,0,0,0,0,0,0,0,0,0,0,0,0,0,0,0,0,0,0,0
Yes,Landslide at Rautamai Rural Municipality-7,-,other,Landslide,2026-08-29,Koshi,Udayapur,Rautamai,7,0,0,0,0,0,0,0,0,0,0,0,0,0,0,0,0,0,0,0,0,0,0
Yes,Landslide at Konjyosom Rural Municipality-4,-,other,Landslide,2026-08-29,Bagmati,Lalitpur,Konjyosom,4,0,0,0,0,0,0,0,0,0,0,0,0,0,0,0,0,0,0,0,0,0,0
Yes,Landslide at Pokhara Metropolitan City-25,-,other,Landslide,2026-08-28,Gandaki,Kaski,Pokhara,25,0,0,0,0,0,0,0,0,0,0,0,0,0,0,0,0,0,0,0,0,0,0
Yes,Landslide at Shey Phoksundo Rural Municipality-99,-,other,Landslide,2026-08-28,Karnali,Dolpa,Shey Phoksundo,99,0,0,0,0,0,1,0,0,0,0,0,0,0,0,0,0,0,0,0,0,0,0
Yes,"Landslide at Tamrang , Phaktanglung Rural Municipality-6",-,other,Landslide,2026-08-28,Koshi,Taplejung,Phaktanglung,6,0,0,0,0,0,0,0,0,0,0,0,0,0,0,0,0,0,0,0,0,0,0
Yes,"Landslide at Bhattedanda, Konjyosom Rural Municipality-4",-,other,Landslide,2026-08-28,Bagmati,Lalitpur,Konjyosom,4,0,0,0,0,0,0,0,0,0,0,0,0,0,0,0,0,0,0,0,0,0,0
Yes,Landslide at Madi Rural Municipality-6,-,other,Landslide,2026-08-28,Lumbini,Rolpa,Madi,6,0,0,0,0,0,0,0,0,0,0,0,0,0,0,0,0,0,0,0,0,0,0
Yes,Landslide at Resunga Municipality-14,-,other,Landslide,2026-08-28,Lumbini,Gulmi,Resunga,14,0,0,0,0,0,0,0,0,0,0,0,0,0,0,0,0,0,0,0,0,0,0
Yes,Landslide at Putha Uttarganga Rural Municipality-4,-,other,Landslide,2026-08-28,Lumbini,Rukum East,Putha Uttarganga,4,0,0,0,0,0,0,0,0,0,0,0,0,0,0,0,0,0,0,0,0,0,0
Yes,Landslide at Sitganga Municipality-12,-,other,Landslide,2026-08-28,Lumbini,Arghakhanchi,Sitganga,12,0,0,0,0,0,0,0,0,0,0,0,0,0,0,0,0,0,0,0,0,0,0
Yes,Landslide at Kaligandaki Rural Municipality-4,-,other,Landslide,2026-08-28,Lumbini,Gulmi,Kaligandaki,4,0,0,0,0,0,0,0,0,0,0,0,0,0,0,0,0,0,0,0,0,0,0
Yes,"Landslide at Khanibeshi , Dharche Rural Municipality-3",-,other,Landslide,2026-08-28,Gandaki,Gorkha,Dharche,3,0,0,0,0,0,0,0,0,0,0,0,0,0,0,0,0,0,0,0,0,0,0
Yes,Landslide at Bigu Rural Municipality-1,-,other,Landslide,2026-08-28,Bagmati,Dolakha,Bigu,1,0,0,0,0,0,0,0,0,0,0,0,0,0,0,0,0,0,0,0,0,0,0
Yes,"Landslide at Kodari, Jugal Rural Municipality-2",-,other,Landslide,2026-08-27,Bagmati,Sindhupalchok,Jugal,2,0,0,0,0,0,0,0,0,0,0,0,0,0,0,0,0,0,0,0,0,0,0
Yes,Landslide at Putha Uttarganga Rural Municipality-4,-,other,Landslide,2026-08-27,Lumbini,Rukum East,Putha Uttarganga,4,0,0,0,0,0,0,0,0,0,0,0,0,0,0,0,0,0,0,0,0,0,0
Yes,Landslide at Molung Rural Municipality-1,-,other,Landslide,2026-08-27,Koshi,Okhaldhunga,Molung,1,0,0,0,0,0,0,0,0,0,0,0,0,0,0,0,0,0,0,0,0,0,0
Yes,Landslide at Rolpa Municipality-10,-,other,Landslide,2026-08-26,Lumbini,Rolpa,Rolpa,10,0,0,0,0,0,0,0,0,0,0,0,0,0,0,0,0,0,0,0,0,0,0
Yes,"Landslide at Kharibot , Rolpa Municipality-10",-,other,Landslide,2026-08-26,Lumbini,Rolpa,Rolpa,10,0,0,0,0,0,0,0,0,0,0,0,0,0,0,0,0,0,0,0,0,0,0
Yes,"Landslide at Kuwakot , Surnaya Rural Municipality-5",-,other,Landslide,2026-08-26,Sudurpashchim,Baitadi,Surnaya,5,0,0,0,0,0,0,0,0,0,0,0,0,0,0,0,0,0,0,0,0,0,0
Yes,Landslide at Triveni Rural Municipality-10,-,other,Landslide,2026-08-26,Karnali,Rukum West,Triveni,10,0,0,0,0,0,0,0,1,1,0,0,0,0,0,0,0,0,0,0,0,0,0
Yes,"Landslide at Kungri , Paribartan Rural Municipality-4",-,other,Landslide,2026-08-25,Lumbini,Rolpa,Paribartan,4,0,0,0,0,0,0,0,0,0,0,0,0,0,0,0,0,0,0,0,0,0,0
Yes,Landslide at Dharche Rural Municipality-3,-,other,Landslide,2026-08-25,Gandaki,Gorkha,Dharche,3,0,0,0,0,0,0,0,0,0,0,0,0,0,0,0,0,0,0,0,0,0,0
Yes,Landslide at Putha Uttarganga Rural Municipality-4,-,other,Landslide,2026-08-25,Lumbini,Rukum East,Putha Uttarganga,4,0,0,0,1,1,0,0,0,0,0,0,0,0,0,0,0,0,0,0,0,0,0
Yes,"Landslide at Andardanda, Dharche Rural Municipality-5",-,other,Landslide,2026-08-24,Gandaki,Gorkha,Dharche,5,0,0,0,0,0,0,0,0,0,0,0,0,0,0,0,0,0,0,0,0,0,0
Yes,Landslide at Resunga Municipality-14,-,other,Landslide,2026-08-24,Lumbini,Gulmi,Resunga,14,0,0,0,0,0,0,0,0,0,0,0,0,0,0,0,0,0,0,0,0,0,0
Yes,"Landslide at Khokse Khola , Phaktanglung Rural Municipality-6",-,other,Landslide,2026-08-24,Koshi,Taplejung,Phaktanglung,6,0,0,0,0,0,0,0,0,0,0,0,0,0,0,0,0,0,0,0,0,0,0
Yes,Landslide at Suryagadhi Rural Municipality-4,-,other,Landslide,2026-08-24,Bagmati,Nuwakot,Suryagadhi,4,0,0,0,0,0,0,0,0,0,0,0,0,0,0,0,0,0,0,0,0,0,0
Yes,Landslide at Naubahini Rural Municipality-5,-,other,Landslide,2026-08-23,Lumbini,Pyuthan,Naubahini,5,0,0,0,0,0,0,0,0,0,0,0,0,0,0,0,0,0,0,0,0,0,0
Yes,"Landslide at Pisang , Narpa Bhoomi Rural Municipality-3",-,other,Landslide,2026-08-23,Gandaki,Manang,Narpa Bhoomi,3,0,0,0,0,0,0,0,0,0,0,0,0,0,0,0,0,0,0,0,0,0,0
Yes,"Landslide at Lapubeshi , Dharche Rural Municipality-7",-,other,Landslide,2026-08-23,Gandaki,Gorkha,Dharche,7,0,0,0,0,0,0,0,0,0,0,0,0,0,0,0,0,0,0,0,0,0,0
Yes,"Landslide at Khani, Rolpa Municipality-10",-,other,Landslide,2026-08-23,Lumbini,Rolpa,Rolpa,10,0,0,0,0,0,1,0,0,0,0,0,0,0,0,0,0,0,0,0,0,0,0
Yes,"Landslide at Mawang / Powang Bazar , Rolpa Municipality-10",-,other,Landslide,2026-08-22,Lumbini,Rolpa,Rolpa,10,0,0,0,0,0,0,0,0,0,0,0,0,0,0,0,0,0,0,0,0,0,0
Yes,"Landslide at Sotkhola , Barahtal Rural Municipality-8",-,other,Landslide,2026-08-22,Karnali,Surkhet,Barahtal,8,0,0,0,0,0,0,0,0,0,0,0,0,0,0,0,0,0,0,0,0,0,0
Yes,"Landslide at Ladne , Rolpa Municipality-10",-,other,Landslide,2026-08-22,Lumbini,Rolpa,Rolpa,10,0,0,0,0,0,0,0,0,0,0,0,0,0,0,0,0,0,0,0,0,0,0
Yes,"Landslide at Kungri , Rolpa Municipality-10",-,other,Landslide,2026-08-22,Lumbini,Rolpa,Rolpa,10,0,0,0,0,0,0,0,0,0,0,0,0,0,0,0,0,0,0,0,0,0,0
Yes,"Landslide at Laharichhara, Madi Rural Municipality-3",-,other,Landslide,2026-08-22,Lumbini,Rolpa,Madi,3,0,0,0,0,0,0,0,0,0,0,0,0,0,0,0,0,0,0,0,0,0,0
Yes,"Landslide at Bahanande, Phungling Municipality-7",-,other,Landslide,2026-08-22,Koshi,Taplejung,Phungling,7,0,0,0,0,0,0,0,0,0,0,0,0,0,0,0,0,0,0,0,0,0,0
Yes,"Landslide at Chhirkane , Vyas Municipality-12",-,other,Landslide,2026-08-22,Gandaki,Tanahu,Vyas,12,0,0,0,0,0,0,0,0,0,0,0,0,0,0,0,0,0,0,0,0,0,0
Yes,"Landslide at Ghalegaau , Dharche Rural Municipality-5",-,other,Landslide,2026-08-22,Gandaki,Gorkha,Dharche,5,0,0,0,0,0,0,0,0,0,0,0,0,0,0,0,0,0,0,0,0,0,0
Yes,Landslide at Surnaya Rural Municipality-5,-,other,Landslide,2026-08-22,Sudurpashchim,Baitadi,Surnaya,5,0,0,0,0,0,1,0,0,0,0,0,0,0,0,0,0,0,0,0,0,0,0
Yes,Landslide at Beni Municipality-4,-,other,Landslide,2026-08-22,Gandaki,Myagdi,Beni,4,0,0,0,0,0,0,0,0,0,0,0,0,0,0,0,0,0,0,0,0,0,0
Yes,Landslide at Banphikot Rural Municipality-6,-,other,Landslide,2026-08-21,Karnali,Rukum West,Banphikot,6,0,0,0,0,0,0,1,0,0,0,0,0,0,0,0,0,0,0,0,0,0,0
Yes,"Landslide at Siddhababa, Mathagadhi Rural Municipality-1",-,other,Landslide,2026-08-21,Lumbini,Palpa,Mathagadhi,1,0,0,0,0,0,0,0,0,0,0,0,0,0,0,0,0,0,0,0,0,0,0
Yes,Landslide at Narpa Bhoomi Rural Municipality-3,-,other,Landslide,2026-08-21,Gandaki,Manang,Narpa Bhoomi,3,0,0,0,0,0,0,0,0,0,0,0,0,0,0,0,0,0,0,0,0,0,0
Yes,Landslide at Rolpa Municipality-10,-,other,Landslide,2026-08-21,Lumbini,Rolpa,Rolpa,10,0,0,0,0,0,0,0,0,0,0,0,0,0,0,0,0,0,0,0,0,0,0
Yes,Landslide at Raghuganga Rural Municipality-8,-,other,Landslide,2026-08-21,Gandaki,Myagdi,Raghuganga,8,0,0,0,0,0,0,0,0,0,0,0,0,0,0,0,0,0,0,0,0,0,0
Yes,"Landslide at Sukebager, Raghuganga Rural Municipality-8",-,other,Landslide,2026-08-21,Gandaki,Myagdi,Raghuganga,8,0,0,0,0,0,0,0,0,0,0,0,0,0,0,0,0,0,0,0,0,0,0
Yes,"Landslide at Bidhi Khola , Resunga Municipality-14",-,other,Landslide,2026-08-21,Lumbini,Gulmi,Resunga,14,0,0,0,0,0,0,0,0,0,0,0,0,0,0,0,0,0,0,0,0,0,0
Yes,"Landslide at Sarkeguardbazar , Simkot Rural Municipality-3",-,other,Landslide,2026-08-21,Karnali,Humla,Simkot,3,0,0,0,0,0,0,0,0,0,0,0,0,0,0,0,0,0,0,0,0,0,0
Yes,Landslide at Resunga Municipality-14,-,other,Landslide,2026-08-21,Lumbini,Gulmi,Resunga,14,0,0,0,0,0,0,0,0,0,0,0,0,0,0,0,0,0,0,0,0,0,0
Yes,"Landslide at Kadkuna , Simkot Rural Municipality-3",-,other,Landslide,2026-08-21,Karnali,Humla,Simkot,3,0,0,0,0,0,0,0,0,0,0,0,0,0,0,0,0,0,0,0,0,0,0
Yes,"Landslide at Jayachaur , Sharada Municipality-9",-,other,Landslide,2026-08-21,Karnali,Salyan,Sharada,9,0,0,0,0,0,0,0,0,0,0,0,0,0,0,0,0,0,0,0,0,0,0
Yes,"Landslide at Khotro , Narpa Bhoomi Rural Municipality-3",-,other,Landslide,2026-08-21,Gandaki,Manang,Narpa Bhoomi,3,0,0,0,0,0,0,0,0,0,0,0,0,0,0,0,0,0,0,0,0,0,0
Yes,"Landslide at Thangna , Putha Uttarganga Rural Municipality-4",-,other,Landslide,2026-08-21,Lumbini,Rukum East,Putha Uttarganga,4,0,0,0,0,0,0,2,0,0,0,0,0,0,0,0,0,0,0,0,0,0,0
Yes,"Landslide at Ranjit Bhir , Madi Rural Municipality-4",-,other,Landslide,2026-08-21,Gandaki,Kaski,Madi,4,0,0,0,0,0,0,0,0,0,0,0,0,0,0,0,0,0,0,0,0,0,0
Yes,"Landslide at Syakhu , Bigu Rural Municipality-1",-,other,Landslide,2026-08-21,Bagmati,Dolakha,Bigu,1,0,0,0,0,0,0,0,0,0,0,0,0,0,0,0,0,0,0,0,0,0,0
Yes,"Landslide at Kaliban , Makawanpurgadhi Rural Municipality-5",-,nepal_police,Landslide,2026-08-21,Bagmati,Makwanpur,Makawanpurgadhi,5,0,0,0,0,0,0,0,0,0,0,0,0,0,0,0,0,0,0,0,0,0,0
Yes,Landslide at Khaniyabash Rural Municipality-4,-,other,Landslide,2026-08-21,Bagmati,Dhading,Khaniyabash,4,0,0,0,0,0,0,0,0,0,0,0,0,0,0,0,0,0,0,0,0,0,0
Yes,"Landslide at Lelep , Phaktanglung Rural Municipality-6",-,other,Landslide,2026-08-21,Koshi,Taplejung,Phaktanglung,6,0,0,0,0,0,0,0,0,0,0,0,0,0,0,0,0,0,0,0,0,0,0
Yes,Landslide at Shuklagandaki Municipality-7,-,other,Landslide,2026-08-21,Gandaki,Tanahu,Shuklagandaki,7,0,0,0,0,0,0,0,0,0,0,0,0,0,0,0,0,0,0,0,0,0,0
Yes,"Landslide at Khaharechowk , Machhapuchchhre Rural Municipality-2",-,other,Landslide,2026-08-21,Gandaki,Kaski,Machhapuchchhre,2,0,0,0,0,0,0,0,0,0,0,0,0,0,0,0,0,0,0,0,0,0,0
Yes,"Landslide at Sidin , Phidim Municipality-11",-,other,Landslide,2026-08-21,Koshi,Panchthar,Phidim,11,0,0,0,0,0,0,0,0,0,0,0,0,0,0,0,0,0,0,0,0,0,0
Yes,"Landslide at Bhattachowk, Belkotgadhi Municipality-9",-,other,Landslide,2026-08-21,Bagmati,Nuwakot,Belkotgadhi,9,0,0,0,0,0,0,0,0,0,0,0,0,0,0,0,0,0,0,0,0,0,0
Yes,"Landslide at Shiva Danda , Phaktanglung Rural Municipality-5",-,other,Landslide,2026-08-21,Koshi,Taplejung,Phaktanglung,5,0,0,0,0,0,0,0,0,0,0,0,0,0,0,0,0,0,0,0,0,0,0
Yes,Landslide at Pachaljharana Rural Municipality-3,-,other,Landslide,2026-08-20,Karnali,Kalikot,Pachaljharana,3,0,0,0,0,0,0,0,0,0,0,0,0,0,0,0,0,0,0,0,0,0,0
Yes,"Landslide at Dhade, Suryagadhi Rural Municipality-4",-,other,Landslide,2026-08-20,Bagmati,Nuwakot,Suryagadhi,4,0,0,0,0,0,0,0,0,0,0,0,0,0,0,0,0,0,0,0,0,0,0
Yes,Landslide at Suryagadhi Rural Municipality-4,-,other,Landslide,2026-08-20,Bagmati,Nuwakot,Suryagadhi,4,0,0,0,0,0,0,0,0,0,0,0,0,0,0,0,0,0,0,0,0,0,0
Yes,Landslide at Suryagadhi Rural Municipality-4,-,other,Landslide,2026-08-20,Bagmati,Nuwakot,Suryagadhi,4,0,0,0,1,1,0,0,0,0,0,0,0,0,0,0,0,0,1,0,0,1,0
Yes,"Landslide at Liping Bazer, Jugal Rural Municipality-2",-,other,Landslide,2026-08-20,Bagmati,Sindhupalchok,Jugal,2,0,0,0,0,0,0,0,0,0,0,0,0,0,0,0,0,0,0,0,0,0,0
Yes,"Landslide at Khanekharka, Suryagadhi Rural Municipality-4",-,other,Landslide,2026-08-20,Bagmati,Nuwakot,Suryagadhi,4,0,0,0,0,0,0,1,0,0,0,0,0,0,0,0,0,0,0,0,0,0,0
Yes,"Landslide at Mandregau, Dharche Rural Municipality-5",-,other,Landslide,2026-08-20,Gandaki,Gorkha,Dharche,5,0,0,0,0,0,0,0,0,0,0,0,0,0,0,0,0,0,0,0,0,0,0
Yes,"Landslide at Bagdula, Pyuthan Municipality-7",-,other,Landslide,2026-08-20,Lumbini,Pyuthan,Pyuthan,7,0,0,0,0,0,0,0,0,0,0,0,0,0,0,0,0,0,0,0,0,0,0
Yes,Landslide at Pokhara Metropolitan City-16,-,other,Landslide,2026-08-20,Gandaki,Kaski,Pokhara,16,0,0,0,0,0,0,0,0,0,0,0,0,0,0,0,0,0,0,0,0,0,0
Yes,Landslide at Shey Phoksundo Rural Municipality-99,-,nepal_police,Landslide,2026-08-20,Karnali,Dolpa,Shey Phoksundo,99,0,0,0,1,1,0,0,0,0,0,0,0,0,0,0,0,0,0,0,0,0,0
Yes,"Landslide at Ratmate/Rambhir , Suryagadhi Rural Municipality-4",-,other,Landslide,2026-08-20,Bagmati,Nuwakot,Suryagadhi,4,0,0,0,0,0,0,0,0,0,0,0,0,0,0,0,0,0,0,0,0,0,0
Yes,"Landslide at Tiru , Gosaikunda Rural Municipality-4",-,other,Landslide,2026-08-20,Bagmati,Rasuwa,Gosaikunda,4,2950000,0,0,2,2,1,100,0,0,0,0,0,0,0,0,0,0,0,0,0,0,0
Yes,"Landslide at Sukebagar , Raghuganga Rural Municipality-8",-,other,Landslide,2026-08-19,Gandaki,Myagdi,Raghuganga,8,0,0,0,0,0,0,0,0,0,0,0,0,0,0,0,0,0,0,0,0,0,0
Yes,Landslide at Raghuganga Rural Municipality-8,-,other,Landslide,2026-08-19,Gandaki,Myagdi,Raghuganga,8,0,0,0,0,0,0,0,0,0,0,0,0,0,0,0,0,0,0,0,0,0,0
Yes,Landslide at Gosaikunda Rural Municipality-4,-,other,Landslide,2026-08-19,Bagmati,Rasuwa,Gosaikunda,4,0,0,0,0,0,0,0,0,0,0,0,0,0,0,0,0,0,0,0,0,0,0
Yes,"Landslide at Kusmabazer, Kushma Municipality-10",-,other,Landslide,2026-08-19,Gandaki,Parbat,Kushma,10,0,0,0,0,0,0,0,0,0,0,0,0,0,0,0,0,0,0,0,0,0,0
Yes,"Landslide at Badakhola, Sharada Municipality-9",-,other,Landslide,2026-08-19,Karnali,Salyan,Sharada,9,500000,0,0,0,0,1,25,0,0,0,0,0,0,0,0,0,0,0,0,0,0,0
Yes,Landslide at Rolpa Municipality-10,-,other,Landslide,2026-08-19,Lumbini,Rolpa,Rolpa,10,0,0,0,0,0,0,0,0,0,0,0,0,0,0,0,0,0,0,0,0,0,0
Yes,"Landslide at Ghartigaau Bazar , Rolpa Municipality-10",-,other,Landslide,2026-08-19,Lumbini,Rolpa,Rolpa,10,0,0,0,0,0,2,0,0,0,0,0,0,0,0,0,0,0,0,0,0,0,0
Yes,"Landslide at Durlungkot , Kushma Municipality-10",-,other,Landslide,2026-08-19,Gandaki,Parbat,Kushma,10,0,0,0,0,0,0,0,0,0,0,0,0,0,0,0,0,0,0,0,0,0,0
Yes,"Landslide at Katigaau, Gaumul Rural Municipality-1",-,other,Landslide,2026-08-19,Sudurpashchim,Bajura,Gaumul,1,0,0,0,3,3,0,0,0,0,0,0,0,0,0,0,0,0,0,0,0,0,0
Yes,Landslide at Apihimal Rural Municipality-6,-,other,Landslide,2026-08-19,Sudurpashchim,Darchula,Apihimal,6,0,0,0,0,0,0,0,0,0,0,0,0,0,0,0,0,0,0,0,0,0,0
Yes,"Landslide at Chautaropakha, Machhapuchchhre Rural Municipality-2",-,other,Landslide,2026-08-19,Gandaki,Kaski,Machhapuchchhre,2,0,0,0,0,0,0,0,0,0,0,0,0,0,0,0,0,0,0,0,0,0,0
Yes,Landslide at Machhapuchchhre Rural Municipality-2,-,other,Landslide,2026-08-19,Gandaki,Kaski,Machhapuchchhre,2,0,0,0,0,0,0,0,0,0,0,0,0,0,0,0,0,0,0,0,0,0,0
Yes,"Landslide at Siddhababa, Mathagadhi Rural Municipality-1",-,other,Landslide,2026-08-18,Lumbini,Palpa,Mathagadhi,1,0,0,0,0,0,0,0,0,0,0,0,0,0,0,0,0,0,0,0,0,0,0
Yes,"Landslide at Garmaura, Apihimal Rural Municipality-6",-,other,Landslide,2026-08-18,Sudurpashchim,Darchula,Apihimal,6,0,0,0,0,0,0,0,0,0,0,0,0,0,0,0,0,0,0,0,0,0,0
Yes,"Landslide at Thati, Marsyangdi Rural Municipality-7",-,other,Landslide,2026-08-18,Gandaki,Lamjung,Marsyangdi,7,0,0,0,0,0,0,0,0,0,0,0,0,0,0,0,0,0,0,0,0,0,0
Yes,"Landslide at Surkhang , Lo Ghekar Damodarkunda Rural Municipality-4",-,other,Landslide,2026-08-18,Gandaki,Mustang,Lo Ghekar Damodarkunda,4,0,0,0,0,0,0,0,0,0,0,0,0,0,0,0,0,0,0,0,0,0,0
Yes,"Landslide at Bhasu Bhir , Gauriganga Municipality-9",-,other,Landslide,2026-08-18,Sudurpashchim,Kailali,Gauriganga,9,0,0,0,0,0,0,0,0,0,0,0,0,0,0,0,0,0,0,0,0,0,0
Yes,Landslide at Alital Rural Municipality-3,-,other,Landslide,2026-08-18,Sudurpashchim,Dadeldhura,Alital,3,50000,0,0,0,0,1,0,0,0,0,0,0,0,0,0,0,0,0,0,0,0,0
Yes,"Landslide at Tiru , Gosaikunda Rural Municipality-4",-,other,Landslide,2026-08-18,Bagmati,Rasuwa,Gosaikunda,4,0,0,0,2,2,0,0,0,0,0,0,0,0,0,0,0,0,0,0,0,0,0
Yes,"Landslide at Raduwo, Alital Rural Municipality-3",-,other,Landslide,2026-08-17,Sudurpashchim,Dadeldhura,Alital,3,0,0,0,0,0,0,0,0,0,0,0,0,0,0,0,0,0,0,0,0,0,0
Yes,"Landslide at Selfidanda, Lo Ghekar Damodarkunda Rural Municipality-5",-,other,Landslide,2026-08-17,Gandaki,Mustang,Lo Ghekar Damodarkunda,5,0,0,0,0,0,0,0,0,0,0,0,0,0,0,0,0,0,0,0,0,0,0
Yes,"Landslide at Kotkhola , Bheri Municipality-2",-,other,Landslide,2026-08-17,Karnali,Jajarkot,Bheri,2,0,0,0,0,0,0,0,0,0,0,0,0,0,0,0,0,0,0,0,0,0,0
Yes,"Landslide at Kotkhola , Bheri Municipality-2",-,other,Landslide,2026-08-17,Karnali,Jajarkot,Bheri,2,0,0,0,0,0,0,0,0,0,0,0,0,0,0,0,0,0,0,0,0,0,0
Yes,Landslide at Pachaljharana Rural Municipality-3,-,other,Landslide,2026-08-17,Karnali,Kalikot,Pachaljharana,3,0,0,0,0,0,0,0,0,0,0,0,0,0,0,0,0,0,0,0,0,0,0
Yes,Landslide at Musikot Municipality-14,-,other,Landslide,2026-08-17,Karnali,Rukum West,Musikot,14,0,0,0,1,1,0,0,0,0,0,0,0,0,0,0,0,0,0,0,0,0,0
Yes,"Landslide at Katauti , Alital Rural Municipality-3",-,other,Landslide,2026-08-17,Sudurpashchim,Dadeldhura,Alital,3,60000,0,0,0,0,0,0,0,0,0,0,0,0,0,0,0,0,0,0,0,0,0
Yes,"Landslide at Phumdam , Nalgaad Municipality-13",-,other,Landslide,2026-08-17,Karnali,Jajarkot,Nalgaad,13,0,0,0,3,3,0,0,0,0,0,0,0,0,0,0,0,0,0,0,0,0,0
Yes,"Landslide at Kotkhola , Kushe Rural Municipality-7",-,other,Landslide,2026-08-17,Karnali,Jajarkot,Kushe,7,0,0,0,0,0,0,0,0,0,0,0,0,0,0,0,0,0,0,0,0,0,0
Yes,"Landslide at Rupse , Raghuganga Rural Municipality-8",-,other,Landslide,2026-08-16,Gandaki,Myagdi,Raghuganga,8,0,0,0,0,0,0,0,0,0,0,0,0,0,0,0,0,0,0,0,0,0,0
Yes,"Landslide at Aringale , Kapurkot Rural Municipality-4",-,other,Landslide,2026-08-16,Karnali,Salyan,Kapurkot,4,0,0,0,0,0,0,0,0,0,0,0,0,0,0,0,0,0,0,0,0,0,0
Yes,"Landslide at Chalise , Netrawati Dabjong Rural Municipality-1",-,other,Landslide,2026-08-16,Bagmati,Dhading,Netrawati Dabjong,1,0,0,0,0,0,0,0,0,0,0,0,0,0,0,0,0,0,0,0,0,0,0
Yes,"Landslide at Talcha , Mugum Karmarong Rural Municipality-7",-,other,Landslide,2026-08-16,Karnali,Mugu,Mugum Karmarong,7,0,0,0,0,0,0,0,0,0,0,0,0,0,0,0,0,0,0,0,0,0,0
Yes,"Landslide at Lekh , Rurukshetra Rural Municipality-4",-,other,Landslide,2026-08-16,Lumbini,Gulmi,Rurukshetra,4,0,0,0,0,0,0,0,0,0,0,0,0,0,0,0,0,0,0,0,0,0,0
Yes,Landslide at Putha Uttarganga Rural Municipality-4,-,other,Landslide,2026-08-16,Lumbini,Rukum East,Putha Uttarganga,4,0,0,0,0,0,0,0,0,0,0,0,0,0,0,0,0,0,0,0,0,0,0
Yes,"Landslide at Powang Bazar , Rolpa Municipality-10",-,other,Landslide,2026-08-16,Lumbini,Rolpa,Rolpa,10,0,0,0,0,0,0,0,0,0,0,0,0,0,0,0,0,0,0,0,0,0,0
Yes,"Landslide at Khasrekhan , Alital Rural Municipality-3",-,other,Landslide,2026-08-16,Sudurpashchim,Dadeldhura,Alital,3,0,0,0,0,0,0,0,0,0,0,0,0,0,0,0,0,0,0,0,0,0,0
Yes,"Landslide at Mare , Dhorpatan Municipality-4",-,other,Landslide,2026-08-16,Gandaki,Baglung,Dhorpatan,4,0,0,0,0,0,0,0,0,0,0,0,0,0,0,0,0,0,0,0,0,0,0
Yes,"Landslide at Bhattedanda, Konjyosom Rural Municipality-4",-,other,Landslide,2026-08-16,Bagmati,Lalitpur,Konjyosom,4,0,0,0,0,0,0,0,0,0,0,0,0,0,0,0,0,0,0,0,0,0,0
Yes,"Landslide at Kalikatar , Makawanpurgadhi Rural Municipality-5",-,other,Landslide,2026-08-16,Bagmati,Makwanpur,Makawanpurgadhi,5,0,0,0,0,0,0,0,0,0,0,0,0,0,0,0,0,0,0,0,0,0,0
Yes,Landslide at Gaumul Rural Municipality-1,-,other,Landslide,2026-08-16,Sudurpashchim,Bajura,Gaumul,1,0,0,0,0,0,0,0,0,0,0,0,0,0,0,0,0,0,0,0,0,0,0
Yes,"Landslide at Deurali , Malarani Rural Municipality-5",-,other,Landslide,2026-08-16,Lumbini,Arghakhanchi,Malarani,5,0,0,0,0,0,0,0,0,0,0,0,0,0,0,0,0,0,0,0,0,0,0
Yes,"Landslide at Gibang , Rolpa Municipality-10",-,other,Landslide,2026-08-16,Lumbini,Rolpa,Rolpa,10,0,0,0,0,0,0,7,0,0,0,0,0,0,0,0,0,0,0,0,0,0,0
Yes,Landslide at Resunga Municipality-14,-,other,Landslide,2026-08-16,Lumbini,Gulmi,Resunga,14,0,0,0,0,0,1,0,0,0,0,0,0,0,0,0,0,0,0,0,0,0,0
Yes,"Landslide at Chiplati, Kushma Municipality-10",-,other,Landslide,2026-08-16,Gandaki,Parbat,Kushma,10,0,0,0,0,0,0,0,0,0,0,0,0,0,0,0,0,0,0,0,0,0,0
Yes,"Landslide at Narbir , Surnaya Rural Municipality-5",-,other,Landslide,2026-08-16,Sudurpashchim,Baitadi,Surnaya,5,0,0,0,0,0,0,0,0,0,0,0,0,0,0,0,0,0,0,0,0,0,0
Yes,"Landslide at Dhaireni , Lungri Rural Municipality-5",-,other,Landslide,2026-08-15,Lumbini,Rolpa,Lungri,5,0,0,0,0,0,0,0,1,0,0,1,0,0,0,0,0,0,0,0,0,0,0
Yes,"Landslide at Aringale , Sharada Municipality-9",-,other,Landslide,2026-08-15,Karnali,Salyan,Sharada,9,0,0,0,0,0,0,0,0,0,0,0,0,0,0,0,0,0,0,0,0,0,0
Yes,"Landslide at Ghumaune Bhir , Raghuganga Rural Municipality-8",-,nepal_police,Landslide,2026-08-15,Gandaki,Myagdi,Raghuganga,8,0,0,0,0,0,0,0,0,0,0,0,0,0,0,0,0,0,0,0,0,0,0
Yes,"Landslide at Ghattekhola , Shivapuri Rural Municipality-8",-,other,Landslide,2026-08-15,Bagmati,Nuwakot,Shivapuri,8,0,0,0,0,0,0,0,0,0,0,0,0,0,0,0,0,0,0,0,0,0,0
Yes,"Landslide at Baiseri , Raghuganga Rural Municipality-8",-,other,Landslide,2026-08-15,Gandaki,Myagdi,Raghuganga,8,0,0,0,0,0,0,0,0,0,0,0,0,0,0,0,0,0,0,0,0,0,0
Yes,"Landslide at Sukebagar, Raghuganga Rural Municipality-8",-,other,Landslide,2026-08-15,Gandaki,Myagdi,Raghuganga,8,0,0,0,0,0,0,0,0,0,0,0,0,0,0,0,0,0,0,0,0,0,0
Yes,"Landslide at Bakadepahiro, Gaumul Rural Municipality-1",-,other,Landslide,2026-08-15,Sudurpashchim,Bajura,Gaumul,1,0,0,0,0,0,0,0,0,0,0,0,0,0,0,0,0,0,0,0,0,0,0
Yes,"Landslide at Kaichimod , Sharada Municipality-9",-,other,Landslide,2026-08-15,Karnali,Salyan,Sharada,9,0,0,0,0,0,0,0,0,0,0,0,0,0,0,0,0,0,0,0,0,0,0
Yes,"Landslide at Champe, Machhapuchchhre Rural Municipality-2",-,other,Landslide,2026-08-15,Gandaki,Kaski,Machhapuchchhre,2,0,0,0,0,0,0,0,0,0,0,0,0,0,0,0,0,0,0,0,0,0,0
Yes,"Landslide at Amdanda, Rolpa Municipality-10",-,other,Landslide,2026-08-15,Lumbini,Rolpa,Rolpa,10,0,0,0,0,0,1,0,0,0,0,0,0,0,0,0,0,0,0,0,0,0,0
Yes,Landslide at Rolpa Municipality-10,-,other,Landslide,2026-08-15,Lumbini,Rolpa,Rolpa,10,0,0,0,0,0,0,0,0,0,0,0,0,0,0,0,0,0,0,0,0,0,0
Yes,Landslide at Pachaljharana Rural Municipality-3,-,other,Landslide,2026-08-15,Karnali,Kalikot,Pachaljharana,3,0,0,0,0,0,0,0,0,0,0,0,0,0,0,0,0,0,0,0,0,0,0
Yes,"Landslide at Shreechaur, Marsyangdi Rural Municipality-7",-,other,Landslide,2026-08-15,Gandaki,Lamjung,Marsyangdi,7,0,0,0,0,0,0,0,0,0,0,0,0,0,0,0,0,0,0,0,0,0,0
Yes,"Landslide at Lung, Pyuthan Municipality-7",-,other,Landslide,2026-08-15,Lumbini,Pyuthan,Pyuthan,7,0,0,0,0,0,1,0,0,0,0,0,0,0,0,0,0,0,0,0,0,0,0
Yes,Landslide at Pyuthan Municipality-7,-,other,Landslide,2026-08-15,Lumbini,Pyuthan,Pyuthan,7,0,0,0,0,0,0,2,0,0,0,0,0,0,0,0,0,0,0,0,0,0,0
Yes,"Landslide at Kunta, Pyuthan Municipality-7",-,other,Landslide,2026-08-15,Lumbini,Pyuthan,Pyuthan,7,0,0,0,0,0,0,0,0,0,0,0,0,0,0,0,0,0,0,0,0,0,0
Yes,"Landslide at Simpani, Machhapuchchhre Rural Municipality-2",-,other,Landslide,2026-08-15,Gandaki,Kaski,Machhapuchchhre,2,0,0,0,0,0,0,0,0,0,0,0,0,0,0,0,0,0,0,0,0,0,0
Yes,"Landslide at Kavresthali, Kageshwori Manahora Municipality-9",-,other,Landslide,2026-08-15,Bagmati,Kathmandu,Kageshwori Manahora,9,0,0,0,0,0,0,0,0,0,0,0,0,0,0,0,0,0,0,0,0,0,0
Yes,Landslide at Marsyangdi Rural Municipality-7,-,other,Landslide,2026-08-15,Gandaki,Lamjung,Marsyangdi,7,0,0,0,0,0,0,0,0,0,0,0,0,0,0,0,0,0,0,0,0,0,0
Yes,"Landslide at Rupse, Raghuganga Rural Municipality-8",-,other,Landslide,2026-08-15,Gandaki,Myagdi,Raghuganga,8,0,0,0,0,0,0,0,0,0,0,0,0,0,0,0,0,0,0,0,0,0,0
Yes,"Landslide at Jungepani, Rolpa Municipality-10",-,other,Landslide,2026-08-15,Lumbini,Rolpa,Rolpa,10,0,0,0,0,0,0,0,0,0,0,0,0,0,0,0,0,0,0,0,0,0,0
Yes,"Landslide at Budhakot, Kamalbazar Municipality-7",-,other,Landslide,2026-08-15,Sudurpashchim,Achham,Kamalbazar,7,0,0,0,0,0,0,0,0,0,0,0,0,0,0,0,0,0,0,0,0,0,0
Yes,Landslide at Sharada Municipality-9,-,other,Landslide,2026-08-15,Karnali,Salyan,Sharada,9,0,0,0,0,0,0,0,0,0,0,0,0,0,0,0,0,0,0,0,0,0,0
Yes,"Landslide at Punyakhola, Pyuthan Municipality-7",-,other,Landslide,2026-08-15,Lumbini,Pyuthan,Pyuthan,7,0,0,0,0,0,0,0,0,0,0,0,0,0,0,0,0,0,0,0,0,0,0
Yes,Landslide at Banphikot Rural Municipality-6,-,other,Landslide,2026-08-15,Karnali,Rukum West,Banphikot,6,0,0,0,0,0,0,0,0,0,0,0,0,0,0,0,0,0,0,0,0,0,0
Yes,"Landslide at Pipalchaur , Aathbiskot Municipality-14",-,other,Landslide,2026-08-15,Karnali,Rukum West,Aathbiskot,14,0,0,0,0,0,0,0,0,0,0,0,0,0,0,0,0,0,0,0,0,0,0
Yes,"Landslide at Rumale , Pyuthan Municipality-7",-,other,Landslide,2026-08-15,Lumbini,Pyuthan,Pyuthan,7,0,0,0,0,0,0,0,0,0,0,0,0,0,0,0,0,0,0,0,0,0,0
Yes,"Landslide at Kamere Bhanjyang , MadhyaNepal Municipality-7",-,other,Landslide,2026-08-15,Gandaki,Lamjung,MadhyaNepal,7,0,0,0,0,0,0,0,0,0,0,0,0,0,0,0,0,0,0,0,0,0,0
Yes,"Landslide at Patale Khola , Naubahini Rural Municipality-5",-,other,Landslide,2026-08-15,Lumbini,Pyuthan,Naubahini,5,0,0,0,0,0,0,0,0,0,0,0,0,0,0,0,0,0,0,0,0,0,0
Yes,"Landslide at Aagra , Thantikandh Rural Municipality-5",-,other,Landslide,2026-08-15,Karnali,Dailekh,Thantikandh,5,0,0,0,0,0,0,0,0,0,0,0,0,0,0,0,0,0,0,0,0,0,0
Yes,"Landslide at Khokse Khola , Phaktanglung Rural Municipality-6",-,other,Landslide,2026-08-15,Koshi,Taplejung,Phaktanglung,6,0,0,0,0,0,0,0,0,0,0,0,0,0,0,0,0,0,0,0,0,0,0
Yes,"Landslide at Kholakharka , Molung Rural Municipality-1",-,other,Landslide,2026-08-15,Koshi,Okhaldhunga,Molung,1,0,0,0,0,0,0,0,0,0,0,0,0,0,0,0,0,0,0,0,0,0,0
Yes,Landslide at Gokulganga Rural Municipality-4,-,other,Landslide,2026-08-15,Bagmati,Ramechhap,Gokulganga,4,0,0,0,0,0,1,0,0,0,0,0,0,0,0,0,0,0,0,0,0,0,0
Yes,"Landslide at Landruk , Machhapuchchhre Rural Municipality-2",-,other,Landslide,2026-08-15,Gandaki,Kaski,Machhapuchchhre,2,0,0,0,0,0,0,0,0,0,0,0,0,0,0,0,0,0,0,0,0,0,0
Yes,"Landslide at Baiseri , Raghuganga Rural Municipality-8",-,other,Landslide,2026-08-14,Gandaki,Myagdi,Raghuganga,8,0,0,0,0,0,0,0,0,0,0,0,0,0,0,0,0,0,0,0,0,0,0
Yes,"Landslide at Chinabagar , Banphikot Rural Municipality-6",-,other,Landslide,2026-08-14,Karnali,Rukum West,Banphikot,6,0,0,0,0,0,0,0,0,0,0,0,0,0,0,0,0,0,0,0,0,0,0
Yes,Landslide at Kageshwori Manahora Municipality-9,-,other,Landslide,2026-08-14,Bagmati,Kathmandu,Kageshwori Manahora,9,0,0,0,0,0,0,0,0,0,0,0,0,0,0,0,0,0,0,0,0,0,0
Yes,"Landslide at Lahari, Rolpa Municipality-10",-,other,Landslide,2026-08-14,Lumbini,Rolpa,Rolpa,10,0,0,0,0,0,0,0,0,0,0,0,0,0,0,0,0,0,0,0,0,0,0
Yes,"Landslide at Hurikot, Shey Phoksundo Rural Municipality-99",-,other,Landslide,2026-08-14,Karnali,Dolpa,Shey Phoksundo,99,0,0,0,0,0,0,0,0,0,0,0,0,0,0,0,0,0,0,0,0,0,0
Yes,Landslide at Gokulganga Rural Municipality-4,-,other,Landslide,2026-08-14,Bagmati,Ramechhap,Gokulganga,4,0,0,0,0,0,0,0,0,0,0,0,0,0,0,0,0,0,0,0,0,0,0
Yes,"Landslide at Khada, Pachaljharana Rural Municipality-3",-,other,Landslide,2026-08-14,Karnali,Kalikot,Pachaljharana,3,0,0,0,0,0,2,0,0,0,0,0,0,0,0,0,0,0,0,0,0,0,0
Yes,Landslide at Marsyangdi Rural Municipality-7,-,other,Landslide,2026-08-14,Gandaki,Lamjung,Marsyangdi,7,0,0,0,0,0,0,0,0,0,0,0,0,0,0,0,0,0,0,0,0,0,0
Yes,"Landslide at Sailimailimode, Rolpa Municipality-10",-,other,Landslide,2026-08-14,Lumbini,Rolpa,Rolpa,10,0,0,0,0,0,0,0,0,0,0,0,0,0,0,0,0,0,0,0,0,0,0
Yes,"Landslide at Mahavir, Kushma Municipality-10",-,other,Landslide,2026-08-14,Gandaki,Parbat,Kushma,10,0,0,0,0,0,0,0,0,0,0,0,0,0,0,0,0,0,0,0,0,0,0
Yes,"Landslide at Sireka dana, Khandbari Municipality-7",-,other,Landslide,2026-08-14,Koshi,Sankhuwasabha,Khandbari,7,0,0,0,0,0,0,0,0,0,0,0,0,0,0,0,0,0,0,0,0,0,0
Yes,"Landslide at Risang , Kushe Rural Municipality-7",-,other,Landslide,2026-08-14,Karnali,Jajarkot,Kushe,7,0,0,0,1,1,0,0,2,2,0,0,0,0,0,0,0,0,7,3,4,0,0
Yes,"Landslide at Kaiku Khola , Lo Ghekar Damodarkunda Rural Municipality-5",-,other,Landslide,2026-08-14,Gandaki,Mustang,Lo Ghekar Damodarkunda,5,0,0,0,0,0,0,0,0,0,0,0,0,0,0,0,0,0,0,0,0,0,0
Yes,"Landslide at Kagdanda, Sunil Smriti Rural Municipality-4",-,other,Landslide,2026-08-14,Lumbini,Rolpa,Sunil Smriti,4,0,0,0,0,0,0,0,0,0,0,0,0,0,0,0,0,0,0,0,0,0,0
Yes,"Landslide at Simaldhara , Bharatpur Metropolitan City-14",-,nepal_police,Landslide,2026-08-14,Bagmati,Chitwan,Bharatpur,14,0,0,0,0,0,0,0,0,0,0,0,0,0,0,0,0,0,0,0,0,0,0
Yes,Landslide at Dhorpatan Municipality-4,-,other,Landslide,2026-08-14,Gandaki,Baglung,Dhorpatan,4,0,0,0,0,0,0,0,0,0,0,0,0,0,0,0,0,0,0,0,0,0,0
Yes,"Landslide at Mawang & Jaima , Sunchhahari Rural Municipality-5",-,nepal_police,Landslide,2026-08-14,Lumbini,Rolpa,Sunchhahari,5,0,0,0,0,0,0,0,0,0,0,0,0,0,0,0,0,0,0,0,0,0,0
Yes,"Landslide at Lakhachaur , Pyuthan Municipality-7",-,other,Landslide,2026-08-14,Lumbini,Pyuthan,Pyuthan,7,0,0,0,0,0,0,0,0,0,0,0,0,0,0,0,0,0,0,0,0,0,0
Yes,"Landslide at Choyaga, Resunga Municipality-14",-,other,Landslide,2026-08-14,Lumbini,Gulmi,Resunga,14,0,0,0,0,0,0,0,0,0,0,0,0,0,0,0,0,0,0,0,0,0,0
Yes,"Landslide at Kamarebhir , Netrawati Dabjong Rural Municipality-1",-,other,Landslide,2026-08-14,Bagmati,Dhading,Netrawati Dabjong,1,0,0,0,0,0,0,0,0,0,0,0,0,0,0,0,0,0,0,0,0,0,0
Yes,"Landslide at Saatkilla , Netrawati Dabjong Rural Municipality-1",-,other,Landslide,2026-08-14,Bagmati,Dhading,Netrawati Dabjong,1,0,0,0,0,0,0,0,0,0,0,0,0,0,0,0,0,0,0,0,0,0,0
Yes,"Landslide at Kotkhola , Bheri Municipality-4",-,other,Landslide,2026-08-14,Karnali,Jajarkot,Bheri,4,0,0,0,0,0,0,0,0,0,0,0,0,0,0,0,0,0,0,0,0,0,0
Yes,"Landslide at Kalegaau/Raautgaau/Newarkhola , Kushe Rural Municipality-7",-,other,Landslide,2026-08-14,Karnali,Jajarkot,Kushe,7,0,0,0,0,0,0,0,0,0,0,0,0,0,0,0,0,0,0,0,0,0,0
Yes,Landslide at Pyuthan Municipality-7,-,other,Landslide,2026-08-14,Lumbini,Pyuthan,Pyuthan,7,0,0,0,0,0,0,0,0,0,0,0,0,0,0,0,0,0,0,0,0,0,0
Yes,"Landslide at Jyamirkot, Aathbiskot Municipality-14",-,other,Landslide,2026-08-14,Karnali,Rukum West,Aathbiskot,14,0,0,0,0,0,0,0,0,0,0,0,0,0,0,0,0,0,0,0,0,0,0
Yes,Landslide at Netrawati Dabjong Rural Municipality-1,-,other,Landslide,2026-08-14,Bagmati,Dhading,Netrawati Dabjong,1,0,0,0,0,0,0,4,0,0,0,0,0,0,0,0,0,0,0,0,0,0,0
Yes,Landslide at Pyuthan Municipality-7,-,other,Landslide,2026-08-14,Lumbini,Pyuthan,Pyuthan,7,0,0,0,0,0,0,0,0,0,0,0,0,0,0,0,0,0,0,0,0,0,0
Yes,"Landslide at Kashigau, Dharche Rural Municipality-5",-,other,Landslide,2026-08-14,Gandaki,Gorkha,Dharche,5,0,0,0,0,0,0,0,0,0,0,0,0,0,0,0,0,0,0,0,0,0,0
Yes,"Landslide at Panipokhara, Rolpa Municipality-10",-,other,Landslide,2026-08-14,Lumbini,Rolpa,Rolpa,10,0,0,0,0,0,2,0,0,0,0,0,0,0,0,0,0,0,0,0,0,0,0
Yes,"Landslide at Sunakhoti, Rhishing Rural Municipality-1",-,other,Landslide,2026-08-14,Gandaki,Tanahu,Rhishing,1,0,0,0,1,1,0,0,0,0,0,0,0,0,0,0,0,0,0,0,0,0,0
Yes,Landslide at Pyuthan Municipality-7,-,other,Landslide,2026-08-14,Lumbini,Pyuthan,Pyuthan,7,0,0,0,0,0,0,0,0,0,0,0,0,0,0,0,0,0,0,0,0,0,0
Yes,Landslide at Pyuthan Municipality-7,-,other,Landslide,2026-08-14,Lumbini,Pyuthan,Pyuthan,7,0,0,0,0,0,0,0,0,0,0,0,0,0,0,0,0,0,0,0,0,0,0
Yes,Landslide at Phaktanglung Rural Municipality-6,-,other,Landslide,2026-08-14,Koshi,Taplejung,Phaktanglung,6,0,0,0,0,0,0,0,0,0,0,0,0,0,0,0,0,0,0,0,0,0,0
Yes,"Landslide at Tamsu , Gaumul Rural Municipality-1",-,other,Landslide,2026-08-13,Sudurpashchim,Bajura,Gaumul,1,0,0,0,2,2,0,0,1,0,1,0,0,0,0,0,0,0,2,1,1,0,0
Yes,"Landslide at Phalabang , Sunchhahari Rural Municipality-2",-,other,Landslide,2026-08-13,Lumbini,Rolpa,Sunchhahari,2,0,0,0,2,2,0,0,2,1,1,0,0,0,0,0,0,0,0,0,0,0,0
Yes,"Landslide at Baiseri , Raghuganga Rural Municipality-8",-,other,Landslide,2026-08-13,Gandaki,Myagdi,Raghuganga,8,0,0,0,0,0,0,0,0,0,0,0,0,0,0,0,0,0,0,0,0,0,0
Yes,"Landslide at Mahabhir , Annapurna Rural Municipality-7",-,other,Landslide,2026-08-13,Gandaki,Myagdi,Annapurna,7,0,0,0,0,0,0,0,0,0,0,0,0,0,0,0,0,0,0,0,0,0,0
Yes,"Landslide at Golabhanjyang , Netrawati Dabjong Rural Municipality-1",-,other,Landslide,2026-08-13,Bagmati,Dhading,Netrawati Dabjong,1,0,0,0,0,0,0,0,0,0,0,0,0,0,0,0,0,0,0,0,0,0,0
Yes,"Landslide at Aathkilla , Netrawati Dabjong Rural Municipality-1",-,other,Landslide,2026-08-13,Bagmati,Dhading,Netrawati Dabjong,1,0,0,0,0,0,0,0,0,0,0,0,0,0,0,0,0,0,0,0,0,0,0
Yes,"Landslide at Bhalukhola , Konjyosom Rural Municipality-4",-,other,Landslide,2026-08-13,Bagmati,Lalitpur,Konjyosom,4,0,0,0,0,0,0,0,0,0,0,0,0,0,0,0,0,0,0,0,0,0,0
Yes,"Landslide at Telkot Bastolanagar , Bhaktapur Municipality-9",-,other,Landslide,2026-08-13,Bagmati,Bhaktapur,Bhaktapur,9,0,0,0,0,0,0,0,0,0,0,0,0,0,0,0,0,0,0,0,0,0,0
Yes,Landslide at Dharche Rural Municipality-5,-,other,Landslide,2026-08-13,Gandaki,Gorkha,Dharche,5,0,0,0,0,0,0,0,0,0,0,0,0,0,0,0,0,0,0,0,0,0,0
Yes,Landslide at Gaumul Rural Municipality-1,-,other,Landslide,2026-08-13,Sudurpashchim,Bajura,Gaumul,1,0,0,0,0,0,0,0,0,0,0,0,0,0,0,0,0,0,0,0,0,0,0
Yes,Landslide at Chhayanath Rara Municipality-7,-,other,Landslide,2026-08-13,Karnali,Mugu,Chhayanath Rara,7,0,0,0,0,0,0,0,0,0,0,0,0,0,0,0,0,0,0,0,0,0,0
Yes,Landslide at Thabang Rural Municipality-2,-,other,Landslide,2026-08-13,Lumbini,Rolpa,Thabang,2,0,0,0,0,0,0,0,0,0,0,0,0,0,0,0,0,0,0,0,0,0,0
Yes,"Landslide at Pangre , Hupsekot Rural Municipality-5",-,other,Landslide,2026-08-13,Gandaki,Nawalparasi East,Hupsekot,5,0,0,0,0,0,0,0,0,0,0,0,0,0,0,0,0,0,0,0,0,0,0
Yes,"Landslide at Ghamrang , Kwholasothar Rural Municipality-8",-,other,Landslide,2026-08-13,Gandaki,Lamjung,Kwholasothar,8,0,0,0,1,1,0,0,0,0,0,0,0,0,0,0,0,0,0,0,0,0,0
Yes,"Landslide at Bangabagar , Apihimal Rural Municipality-6",-,other,Landslide,2026-08-13,Sudurpashchim,Darchula,Apihimal,6,0,0,0,0,0,0,0,0,0,0,0,0,0,0,0,0,0,0,0,0,0,0
Yes,"Landslide at Chanaute , Dharche Rural Municipality-5",-,other,Landslide,2026-08-13,Gandaki,Gorkha,Dharche,5,0,0,0,0,0,0,0,0,0,0,0,0,0,0,0,0,0,0,0,0,0,0
Yes,"Landslide at Ghatachaur , Pachaljharana Rural Municipality-3",-,other,Landslide,2026-08-13,Karnali,Kalikot,Pachaljharana,3,0,0,0,0,0,0,0,0,0,0,0,0,0,0,0,0,0,0,0,0,0,0
Yes,Landslide at Dharche Rural Municipality-5,-,other,Landslide,2026-08-13,Gandaki,Gorkha,Dharche,5,0,0,0,0,0,0,0,0,0,0,0,0,0,0,0,0,0,0,0,0,0,0
Yes,Landslide at Dharche Rural Municipality-5,-,other,Landslide,2026-08-13,Gandaki,Gorkha,Dharche,5,0,0,0,0,0,0,0,0,0,0,0,0,0,0,0,0,0,0,0,0,0,0
Yes,Landslide at Kapurkot Rural Municipality-5,-,other,Landslide,2026-08-13,Karnali,Salyan,Kapurkot,5,0,0,0,0,0,0,0,0,0,0,0,0,0,0,0,0,0,1,1,0,0,0
Yes,"Landslide at Ringaltal Bangabagar, Apihimal Rural Municipality-6",-,other,Landslide,2026-08-13,Sudurpashchim,Darchula,Apihimal,6,0,0,0,0,0,0,0,0,0,0,0,0,0,0,0,0,0,3,2,1,0,0
Yes,Landslide at Pyuthan Municipality-7,-,other,Landslide,2026-08-13,Lumbini,Pyuthan,Pyuthan,7,0,0,0,0,0,0,0,0,0,0,0,0,0,0,0,0,0,0,0,0,0,0
Yes,"Landslide at Pitmari , Gauriganga Municipality-9",-,other,Landslide,2026-08-13,Sudurpashchim,Kailali,Gauriganga,9,0,0,0,0,0,0,0,0,0,0,0,0,0,0,0,0,0,0,0,0,0,0
Yes,Landslide at Apihimal Rural Municipality-6,-,other,Landslide,2026-08-13,Sudurpashchim,Darchula,Apihimal,6,0,0,0,0,0,0,0,0,0,0,0,0,0,0,0,0,0,0,0,0,0,0
Yes,"Landslide at Thulo Gaau , Rolpa Municipality-10",-,other,Landslide,2026-08-13,Lumbini,Rolpa,Rolpa,10,0,0,0,1,1,0,1,0,0,0,0,0,0,0,0,0,0,0,0,0,0,0
Yes,Landslide at Rolpa Municipality-10,-,other,Landslide,2026-08-13,Lumbini,Rolpa,Rolpa,10,0,0,0,0,0,0,0,0,0,0,0,0,0,0,0,0,0,0,0,0,0,0
Yes,"Landslide at Tikabhairav Birkhadhara , Konjyosom Rural Municipality-4",-,other,Landslide,2026-08-13,Bagmati,Lalitpur,Konjyosom,4,0,0,0,0,0,0,0,0,0,0,0,0,0,0,0,0,0,0,0,0,0,0
Yes,Landslide at Rolpa Municipality-10,-,other,Landslide,2026-08-12,Lumbini,Rolpa,Rolpa,10,0,0,0,0,0,0,0,0,0,0,0,0,0,0,0,0,0,0,0,0,0,0
Yes,"Landslide at Liping Khola , Jugal Rural Municipality-2",-,other,Landslide,2026-08-12,Bagmati,Sindhupalchok,Jugal,2,0,0,0,0,0,0,0,0,0,0,0,0,0,0,0,0,0,0,0,0,0,0
Yes,Landslide at Mugum Karmarong Rural Municipality-7,-,other,Landslide,2026-08-12,Karnali,Mugu,Mugum Karmarong,7,0,0,0,0,0,0,0,0,0,0,0,0,0,0,0,0,0,0,0,0,0,0
Yes,"Landslide at Kharkhare Bhir , Besishahar Municipality-6",-,other,Landslide,2026-08-12,Gandaki,Lamjung,Besishahar,6,0,0,0,0,0,0,0,0,0,0,0,0,0,0,0,0,0,0,0,0,0,0
Yes,Landslide at Dhorpatan Municipality-4,-,other,Landslide,2026-08-12,Gandaki,Baglung,Dhorpatan,4,0,0,0,1,1,0,0,0,0,0,0,0,0,0,0,0,0,0,0,0,0,0
Yes,"Landslide at Bimirebhanjyang , MadhyaNepal Municipality-10",-,other,Landslide,2026-08-12,Gandaki,Lamjung,MadhyaNepal,10,0,0,0,0,0,0,0,0,0,0,0,0,0,0,0,0,0,0,0,0,0,0
Yes,"Landslide at Chureni Bhir , Resunga Municipality-14",-,other,Landslide,2026-08-12,Lumbini,Gulmi,Resunga,14,0,0,0,0,0,0,0,0,0,0,0,0,0,0,0,0,0,0,0,0,0,0
Yes,"Landslide at Phuliban , Rolpa Municipality-10",-,other,Landslide,2026-08-12,Lumbini,Rolpa,Rolpa,10,0,0,0,0,0,0,0,0,0,0,0,0,0,0,0,0,0,0,0,0,0,0
Yes,"Landslide at Upallo Bengri , Dhorpatan Municipality-4",-,other,Landslide,2026-08-12,Gandaki,Baglung,Dhorpatan,4,0,0,0,1,1,3,0,0,0,0,0,0,0,0,0,0,0,0,0,0,0,0
Yes,"Landslide at Tasughat Khola , Nalgaad Municipality-10",-,other,Landslide,2026-08-12,Karnali,Jajarkot,Nalgaad,10,0,0,0,4,4,0,0,0,0,0,0,0,0,0,0,0,0,0,0,0,0,0
Yes,Landslide at Dharche Rural Municipality-5,-,other,Landslide,2026-08-12,Gandaki,Gorkha,Dharche,5,0,0,0,0,0,0,0,0,0,0,0,0,0,0,0,0,0,0,0,0,0,0
Yes,Landslide at Gaumul Rural Municipality-1,-,other,Landslide,2026-08-12,Sudurpashchim,Bajura,Gaumul,1,500000,0,0,0,0,0,0,0,0,0,0,0,0,0,0,0,0,0,0,0,0,0
Yes,"Landslide at Pudabaula , Gaumul Rural Municipality-1",-,other,Landslide,2026-08-12,Sudurpashchim,Bajura,Gaumul,1,0,0,0,0,0,0,0,0,0,0,0,0,0,0,0,0,0,0,0,0,0,0
Yes,"Landslide at Chhanwang / Ghuswang , Rolpa Municipality-10",-,other,Landslide,2026-08-12,Lumbini,Rolpa,Rolpa,10,0,0,0,1,1,0,0,0,0,0,0,0,0,0,0,0,0,0,0,0,0,0
Yes,"Landslide at Ekantakuna, Guthichaur Rural Municipality-5",-,other,Landslide,2026-08-11,Karnali,Jumla,Guthichaur,5,0,0,0,0,0,0,0,0,0,0,0,0,0,0,0,0,0,0,0,0,0,0
Yes,"Landslide at Kotalbara , Rolpa Municipality-10",-,other,Landslide,2026-08-11,Lumbini,Rolpa,Rolpa,10,0,0,0,9,9,0,0,5,2,3,0,0,1,0,0,1,0,2,2,0,0,0
Yes,"Landslide at Kadabagar , Putha Uttarganga Rural Municipality-4",-,other,Landslide,2026-08-11,Lumbini,Rukum East,Putha Uttarganga,4,0,0,0,0,0,0,0,0,0,0,0,0,0,0,0,0,0,0,0,0,0,0
Yes,Landslide at Raghuganga Rural Municipality-8,-,other,Landslide,2026-08-10,Gandaki,Myagdi,Raghuganga,8,0,0,0,0,0,0,0,1,1,0,0,0,0,0,0,0,0,1,1,0,0,0
Yes,"Landslide at Chhayala , Surma Rural Municipality-1",-,other,Landslide,2026-08-10,Sudurpashchim,Bajhang,Surma,1,0,0,0,0,0,0,2,0,0,0,0,0,0,0,0,0,0,0,0,0,0,0
Yes,"Landslide at Koirakal , Sharada Municipality-9",-,other,Landslide,2026-08-10,Karnali,Salyan,Sharada,9,0,0,0,0,0,0,0,0,0,0,0,0,0,0,0,0,0,0,0,0,0,0
Yes,Landslide at Bheri Municipality-4,-,other,Landslide,2026-08-10,Karnali,Jajarkot,Bheri,4,0,0,0,0,0,0,0,0,0,0,0,0,0,0,0,0,0,0,0,0,0,0
Yes,"Landslide at Guyala , Barahtal Rural Municipality-8",-,other,Landslide,2026-08-10,Karnali,Surkhet,Barahtal,8,0,0,0,0,0,0,0,0,0,0,0,0,0,0,0,0,0,0,0,0,0,0
Yes,"Landslide at Ratapani, Surnaya Rural Municipality-5",-,other,Landslide,2026-08-10,Sudurpashchim,Baitadi,Surnaya,5,0,0,0,0,0,0,0,0,0,0,0,0,0,0,0,0,0,0,0,0,0,0
Yes,"Landslide at Pinthali, Narke , Roshi Rural Municipality-9",-,other,Landslide,2026-08-09,Bagmati,Kavrepalanchok,Roshi,9,0,0,0,0,0,0,0,0,0,0,0,0,0,0,0,0,0,0,0,0,0,0
Yes,"Landslide at Dumre , Jugal Rural Municipality-2",-,other,Landslide,2026-08-09,Bagmati,Sindhupalchok,Jugal,2,0,0,0,0,0,0,0,0,0,0,0,0,0,0,0,0,0,0,0,0,0,0
Yes,"Landslide at Syule & Amrise , Barahtal Rural Municipality-8",-,other,Landslide,2026-08-09,Karnali,Surkhet,Barahtal,8,0,0,0,0,0,0,0,0,0,0,0,0,0,0,0,0,0,0,0,0,0,0
Yes,Landslide at Birendranagar Municipality-14,-,other,Landslide,2026-08-09,Karnali,Surkhet,Birendranagar,14,0,0,0,0,0,0,0,0,0,0,0,0,0,0,0,0,0,0,0,0,0,0
Yes,"Landslide at Phurgad Khola , Pachaljharana Rural Municipality-3",-,other,Landslide,2026-08-09,Karnali,Kalikot,Pachaljharana,3,0,0,0,0,0,0,0,0,0,0,0,0,0,0,0,0,0,0,0,0,0,0
Yes,Landslide at Gokulganga Rural Municipality-4,-,other,Landslide,2026-08-09,Bagmati,Ramechhap,Gokulganga,4,0,0,0,0,0,0,0,0,0,0,0,0,0,0,0,0,0,0,0,0,0,0
Yes,"Landslide at Telkot , Bhaktapur Municipality-9",-,other,Landslide,2026-08-09,Bagmati,Bhaktapur,Bhaktapur,9,0,0,0,0,0,0,0,0,0,0,0,0,0,0,0,0,0,0,0,0,0,0
Yes,Landslide at Kamalamai Municipality-5,-,other,Landslide,2026-08-09,Bagmati,Sindhuli,Kamalamai,5,0,0,0,0,0,0,0,0,0,0,0,0,0,0,0,0,0,0,0,0,0,0
Yes,"Landslide at Silbalegada , Surnaya Rural Municipality-5",-,other,Landslide,2026-08-09,Sudurpashchim,Baitadi,Surnaya,5,0,0,0,0,0,1,0,0,0,0,0,0,0,0,0,0,0,0,0,0,0,0
Yes,"Landslide at Birkhadhara , Konjyosom Rural Municipality-4",-,other,Landslide,2026-08-09,Bagmati,Lalitpur,Konjyosom,4,0,0,0,0,0,0,0,0,0,0,0,0,0,0,0,0,0,0,0,0,0,0
Yes,"Landslide at Bhattedanda, Konjyosom Rural Municipality-4",-,other,Landslide,2026-08-09,Bagmati,Lalitpur,Konjyosom,4,0,0,0,0,0,0,0,0,0,0,0,0,0,0,0,0,0,0,0,0,0,0
Yes,"Landslide at Thadekhola , Ilam Municipality-11",-,other,Landslide,2026-08-09,Koshi,Ilam,Ilam,11,0,0,0,0,0,0,0,0,0,0,0,0,0,0,0,0,0,0,0,0,0,0
Yes,Landslide at Konjyosom Rural Municipality-4,-,other,Landslide,2026-08-09,Bagmati,Lalitpur,Konjyosom,4,0,0,0,0,0,0,0,0,0,0,0,0,0,0,0,0,0,0,0,0,0,0
Yes,Landslide at Bhojpur Municipality-11,-,other,Landslide,2026-08-09,Koshi,Bhojpur,Bhojpur,11,0,0,0,0,0,0,0,0,0,0,0,0,0,0,0,0,0,0,0,0,0,0
Yes,"Landslide at Gadijungle, Phedap Rural Municipality-3",-,other,Landslide,2026-08-09,Koshi,Terhathum,Phedap,3,0,0,0,0,0,0,0,0,0,0,0,0,0,0,0,0,0,0,0,0,0,0
Yes,Landslide at Gaumul Rural Municipality-1,-,other,Landslide,2026-08-09,Sudurpashchim,Bajura,Gaumul,1,0,0,0,0,0,0,0,0,0,0,0,0,0,0,0,0,0,0,0,0,0,0
Yes,Landslide at Suryagadhi Rural Municipality-4,-,other,Landslide,2026-08-09,Bagmati,Nuwakot,Suryagadhi,4,0,0,0,0,0,0,0,0,0,0,0,0,0,0,0,0,0,0,0,0,0,0
Yes,Landslide at Amargadhi Municipality-10,-,other,Landslide,2026-08-09,Sudurpashchim,Dadeldhura,Amargadhi,10,0,0,0,0,0,0,0,0,0,0,0,0,0,0,0,0,0,0,0,0,0,0
Yes,"Landslide at Amrise , Barahtal Rural Municipality-7",-,other,Landslide,2026-08-08,Karnali,Surkhet,Barahtal,7,0,0,0,0,0,0,0,0,0,0,0,0,0,0,0,0,0,0,0,0,0,0
Yes,"Landslide at Neta Bhir , Makalu Rural Municipality-4",-,other,Landslide,2026-08-08,Koshi,Sankhuwasabha,Makalu,4,0,0,0,0,0,0,0,0,0,0,0,0,0,0,0,0,0,0,0,0,0,0
Yes,"Landslide at Dharapani , Narpa Bhoomi Rural Municipality-3",-,other,Landslide,2026-08-08,Gandaki,Manang,Narpa Bhoomi,3,0,0,0,0,0,0,0,0,0,0,0,0,0,0,0,0,0,0,0,0,0,0
Yes,Landslide at Mahabu Rural Municipality-2,-,other,Landslide,2026-08-08,Karnali,Dailekh,Mahabu,2,0,0,0,0,0,0,0,0,0,0,0,0,0,0,0,0,0,0,0,0,0,0
Yes,"Landslide at Bhalumare , Alital Rural Municipality-3",-,other,Landslide,2026-08-08,Sudurpashchim,Dadeldhura,Alital,3,0,0,0,0,0,0,0,0,0,0,0,0,0,0,0,0,0,0,0,0,0,0
Yes,"Landslide at Bimire bhanjyang , MadhyaNepal Municipality-10",-,other,Landslide,2026-08-08,Gandaki,Lamjung,MadhyaNepal,10,0,0,0,0,0,0,0,0,0,0,0,0,0,0,0,0,0,0,0,0,0,0
Yes,"Landslide at Hadebhir , Raghuganga Rural Municipality-8",-,other,Landslide,2026-08-08,Gandaki,Myagdi,Raghuganga,8,0,0,0,0,0,0,0,0,0,0,0,0,0,0,0,0,0,0,0,0,0,0
Yes,"Landslide at Anda Danda , Dharche Rural Municipality-5",-,other,Landslide,2026-08-08,Gandaki,Gorkha,Dharche,5,0,0,0,0,0,0,0,0,0,0,0,0,0,0,0,0,0,0,0,0,0,0
Yes,"Landslide at Mathillotar, Suryagadhi Rural Municipality-4",-,other,Landslide,2026-08-08,Bagmati,Nuwakot,Suryagadhi,4,0,0,0,0,0,0,0,0,0,0,0,0,0,0,0,0,0,0,0,0,0,0
Yes,"Landslide at Sunkhani, Bigu Rural Municipality-1",-,other,Landslide,2026-08-08,Bagmati,Dolakha,Bigu,1,0,0,0,0,0,0,0,0,0,0,0,0,0,0,0,0,0,0,0,0,0,0
Yes,"Landslide at Bhadrutar Thapaliya Tole , Suryagadhi Rural Municipality-4",-,other,Landslide,2026-08-07,Bagmati,Nuwakot,Suryagadhi,4,0,0,0,0,0,1,0,0,0,0,0,0,0,0,0,0,0,0,0,0,0,0
Yes,"Landslide at Kande , Laligurans Municipality-9",-,nepal_police,Landslide,2026-08-07,Koshi,Terhathum,Laligurans,9,0,0,0,0,0,0,0,0,0,0,0,0,0,0,0,0,0,0,0,0,0,0
Yes,"Landslide at Tallo Bhalukhola , Bigu Rural Municipality-1",-,other,Landslide,2026-08-07,Bagmati,Dolakha,Bigu,1,0,0,0,0,0,2,0,0,0,0,0,0,0,0,0,0,0,0,0,0,0,0
Yes,Landslide at Bakaiya Rural Municipality-11,-,other,Landslide,2026-08-07,Bagmati,Makwanpur,Bakaiya,11,0,0,0,0,0,0,0,0,0,0,0,0,0,0,0,0,0,0,0,0,0,0
Yes,Landslide at Dharche Rural Municipality-5,-,other,Landslide,2026-08-07,Gandaki,Gorkha,Dharche,5,0,0,0,0,0,0,0,0,0,0,0,0,0,0,0,0,0,0,0,0,0,0
Yes,"Landslide at Shreechaur , Marsyangdi Rural Municipality-7",-,other,Landslide,2026-08-07,Gandaki,Lamjung,Marsyangdi,7,0,0,0,0,0,0,0,0,0,0,0,0,0,0,0,0,0,0,0,0,0,0
Yes,Landslide at Jugal Rural Municipality-2,-,other,Landslide,2026-08-07,Bagmati,Sindhupalchok,Jugal,2,0,0,0,0,0,0,0,0,0,0,0,0,0,0,0,0,0,0,0,0,0,0
Yes,"Landslide at Khilang, Machhapuchchhre Rural Municipality-2",-,other,Landslide,2026-08-07,Gandaki,Kaski,Machhapuchchhre,2,0,0,0,0,0,0,0,0,0,0,0,0,0,0,0,0,0,0,0,0,0,0
Yes,"Landslide at Thulasima , Pyuthan Municipality-7",-,other,Landslide,2026-08-07,Lumbini,Pyuthan,Pyuthan,7,0,0,0,0,0,0,0,0,0,0,0,0,0,0,0,0,0,0,0,0,0,0
Yes,"Landslide at Loding , Solududhkunda Municipality-3",-,other,Landslide,2026-08-07,Koshi,Solukhumbu,Solududhkunda,3,0,0,0,0,0,0,0,0,0,0,0,0,0,0,0,0,0,0,0,0,0,0
Yes,Landslide at Pachaljharana Rural Municipality-3,-,other,Landslide,2026-08-06,Karnali,Kalikot,Pachaljharana,3,0,0,0,0,0,0,0,0,0,0,0,0,0,0,0,0,0,0,0,0,0,0
Yes,"Landslide at Baisari, Raghuganga Rural Municipality-8",-,other,Landslide,2026-08-06,Gandaki,Myagdi,Raghuganga,8,0,0,0,0,0,0,0,0,0,0,0,0,0,0,0,0,0,0,0,0,0,0
Yes,Landslide at Jugal Rural Municipality-2,-,other,Landslide,2026-08-06,Bagmati,Sindhupalchok,Jugal,2,0,0,0,0,0,0,0,0,0,0,0,0,0,0,0,0,0,0,0,0,0,0
Yes,Landslide at Ilam Municipality-12,-,other,Landslide,2026-08-06,Koshi,Ilam,Ilam,12,0,0,0,0,0,0,0,0,0,0,0,0,0,0,0,0,0,0,0,0,0,0
Yes,Landslide at Gorkha Municipality-11,-,other,Landslide,2026-08-06,Gandaki,Gorkha,Gorkha,11,0,0,0,0,0,0,0,0,0,0,0,0,0,0,0,0,0,0,0,0,0,0
Yes,Landslide at Mikwakhola Rural Municipality-5,-,other,Landslide,2026-08-06,Koshi,Taplejung,Mikwakhola,5,0,0,0,0,0,0,0,0,0,0,0,0,0,0,0,0,0,0,0,0,0,0
Yes,Landslide at Konjyosom Rural Municipality-4,-,other,Landslide,2026-08-06,Bagmati,Lalitpur,Konjyosom,4,0,0,0,0,0,0,0,0,0,0,0,0,0,0,0,0,0,0,0,0,0,0
Yes,"Landslide at Nagdi Khola , Ichchhakamana Rural Municipality-5",-,other,Landslide,2026-08-05,Bagmati,Chitwan,Ichchhakamana,5,0,0,0,0,0,0,0,0,0,0,0,0,0,0,0,0,0,0,0,0,0,0
Yes,"Landslide at Simaltal, Bharatpur Metropolitan City-29",-,other,Landslide,2026-08-05,Bagmati,Chitwan,Bharatpur,29,0,0,0,0,0,0,0,0,0,0,0,0,0,0,0,0,0,0,0,0,0,0
Yes,"Landslide at Mahat Gaau , Chandannath Municipality-8",-,other,Landslide,2026-08-05,Karnali,Jumla,Chandannath,8,0,0,0,0,0,0,0,0,0,0,0,0,0,0,0,0,0,0,0,0,0,0
Yes,"Landslide at Baiseri , Raghuganga Rural Municipality-8",-,other,Landslide,2026-08-05,Gandaki,Myagdi,Raghuganga,8,0,0,0,0,0,0,0,0,0,0,0,0,0,0,0,0,0,0,0,0,0,0
Yes,"Landslide at Phalachaur , Bhumikasthan Municipality-7",-,other,Landslide,2026-08-05,Lumbini,Arghakhanchi,Bhumikasthan,7,0,0,0,0,0,0,0,0,0,0,0,0,0,0,0,0,0,0,0,0,0,0
Yes,"Landslide at Kerabari , Kushma Municipality-10",-,other,Landslide,2026-08-05,Gandaki,Parbat,Kushma,10,0,0,0,0,0,0,0,0,0,0,0,0,0,0,0,0,0,0,0,0,0,0
Yes,"Landslide at Bhirkot , Annapurna Rural Municipality-7",-,other,Landslide,2026-08-05,Gandaki,Myagdi,Annapurna,7,0,0,0,0,0,0,0,0,0,0,0,0,0,0,0,0,0,0,0,0,0,0
Yes,Landslide at Sarawal Rural Municipality-3,-,other,Landslide,2026-08-05,Lumbini,Nawalparasi West,Sarawal,3,0,0,0,0,0,0,0,0,0,0,0,0,0,0,0,0,0,0,0,0,0,0
Yes,"Landslide at Sukebagar , Raghuganga Rural Municipality-8",-,other,Landslide,2026-08-05,Gandaki,Myagdi,Raghuganga,8,0,0,0,0,0,0,0,0,0,0,0,0,0,0,0,0,0,0,0,0,0,0
Yes,"Landslide at Gaudepul , Mathagadhi Rural Municipality-1",-,other,Landslide,2026-08-05,Lumbini,Palpa,Mathagadhi,1,0,0,0,0,0,0,0,0,0,0,0,0,0,0,0,0,0,0,0,0,0,0
Yes,"Landslide at Mahat Gaau , Guthichaur Rural Municipality-5",-,other,Landslide,2026-08-05,Karnali,Jumla,Guthichaur,5,0,0,0,0,0,0,0,0,0,0,0,0,0,0,0,0,0,0,0,0,0,0
Yes,"Landslide at Thulo Dhunga , Rhishing Rural Municipality-1",-,other,Landslide,2026-08-05,Gandaki,Tanahu,Rhishing,1,0,0,0,0,0,0,0,0,0,0,0,0,0,0,0,0,0,0,0,0,0,0
Yes,"Landslide at Rakse , Resunga Municipality-14",-,other,Landslide,2026-08-05,Lumbini,Gulmi,Resunga,14,0,0,0,0,0,0,0,0,0,0,0,0,0,0,0,0,0,0,0,0,0,0
Yes,"Landslide at Sapingtar , Bhojpur Municipality-11",-,other,Landslide,2026-08-05,Koshi,Bhojpur,Bhojpur,11,0,0,0,0,0,0,0,0,0,0,0,0,0,0,0,0,0,0,0,0,0,0
Yes,"Landslide at Majuwa, Machhapuchchhre Rural Municipality-2",-,other,Landslide,2026-08-05,Gandaki,Kaski,Machhapuchchhre,2,0,0,0,0,0,0,0,0,0,0,0,0,0,0,0,0,0,0,0,0,0,0
Yes,"Landslide at Deurali , Konjyosom Rural Municipality-4",-,other,Landslide,2026-08-05,Bagmati,Lalitpur,Konjyosom,4,0,0,0,0,0,0,0,0,0,0,0,0,0,0,0,0,0,0,0,0,0,0
Yes,"Landslide at Kusundanda , Mahashila Rural Municipality-5",-,other,Landslide,2026-08-05,Gandaki,Parbat,Mahashila,5,0,0,0,0,0,0,0,0,0,0,0,0,0,0,0,0,0,0,0,0,0,0
Yes,Landslide at Gosaikunda Rural Municipality-4,-,other,Landslide,2026-08-05,Bagmati,Rasuwa,Gosaikunda,4,0,0,0,0,0,0,0,0,0,0,0,0,0,0,0,0,0,0,0,0,0,0
Yes,"Landslide at Gaudepul, Mathagadhi Rural Municipality-1",-,other,Landslide,2026-08-05,Lumbini,Palpa,Mathagadhi,1,0,0,0,0,0,0,0,0,0,0,0,0,0,0,0,0,0,0,0,0,0,0
Yes,"Landslide at Bikunthe Bhir , Tansen Municipality-13",-,other,Landslide,2026-08-05,Lumbini,Palpa,Tansen,13,0,0,0,0,0,0,0,0,0,0,0,0,0,0,0,0,0,0,0,0,0,0
Yes,"Landslide at Hiudekhola , Hupsekot Rural Municipality-4",-,other,Landslide,2026-08-05,Gandaki,Nawalparasi East,Hupsekot,4,0,0,0,0,0,0,0,0,0,0,0,0,0,0,0,0,0,0,0,0,0,0
Yes,"Landslide at Maldhunga , Kushma Municipality-10",-,other,Landslide,2026-08-05,Gandaki,Parbat,Kushma,10,0,0,0,0,0,0,0,0,0,0,0,0,0,0,0,0,0,0,0,0,0,0
Yes,Landslide at Dharche Rural Municipality-5,-,other,Landslide,2026-08-05,Gandaki,Gorkha,Dharche,5,0,0,0,1,1,0,0,0,0,0,0,0,0,0,0,0,0,0,0,0,0,0
Yes,"Landslide at Barahasthan , Bhumikasthan Municipality-7",-,other,Landslide,2026-08-05,Lumbini,Arghakhanchi,Bhumikasthan,7,0,0,0,0,0,0,0,0,0,0,0,0,0,0,0,0,0,0,0,0,0,0
Yes,"Landslide at Ranipauwa , Kakani Rural Municipality-4",-,other,Landslide,2026-08-05,Bagmati,Nuwakot,Kakani,4,0,0,0,0,0,0,0,0,0,0,0,0,0,0,0,0,0,0,0,0,0,0
Yes,"Landslide at Tapchaur , Mathagadhi Rural Municipality-1",-,other,Landslide,2026-08-05,Lumbini,Palpa,Mathagadhi,1,0,0,0,0,0,0,0,0,0,0,0,0,0,0,0,0,0,0,0,0,0,0
Yes,"Landslide at Garapani , Dharche Rural Municipality-5",-,other,Landslide,2026-08-05,Gandaki,Gorkha,Dharche,5,0,0,0,0,0,0,0,0,0,0,0,0,0,0,0,0,0,0,0,0,0,0
Yes,Landslide at Kushma Municipality-10,-,other,Landslide,2026-08-05,Gandaki,Parbat,Kushma,10,0,0,0,0,0,0,0,0,0,0,0,0,0,0,0,0,0,0,0,0,0,0
Yes,"Landslide at Barakillo, Gorkha Municipality-11",-,other,Landslide,2026-08-05,Gandaki,Gorkha,Gorkha,11,0,0,0,0,0,0,0,0,0,0,0,0,0,0,0,0,0,0,0,0,0,0
Yes,"Landslide at Sarauchoke, Kushma Municipality-10",-,other,Landslide,2026-08-05,Gandaki,Parbat,Kushma,10,0,0,0,0,0,0,0,0,0,0,0,0,0,0,0,0,0,0,0,0,0,0
Yes,"Landslide at Simaikhola, Annapurna Rural Municipality-10",-,other,Landslide,2026-08-05,Gandaki,Kaski,Annapurna,10,0,0,0,0,0,0,0,0,0,0,0,0,0,0,0,0,0,0,0,0,0,0
Yes,Landslide at Resunga Municipality-14,-,other,Landslide,2026-08-05,Lumbini,Gulmi,Resunga,14,0,0,0,0,0,0,0,0,0,0,0,0,0,0,0,0,0,0,0,0,0,0
Yes,"Landslide at Bangaphadi, Pyuthan Municipality-7",-,other,Landslide,2026-08-05,Lumbini,Pyuthan,Pyuthan,7,0,0,0,0,0,0,0,0,0,0,0,0,0,0,0,0,0,0,0,0,0,0
Yes,"Landslide at Nildarji, Khumbu Pasanglhamu Rural Municipality-3",-,other,Landslide,2026-08-05,Koshi,Solukhumbu,Khumbu Pasanglhamu,3,0,0,0,0,0,0,0,0,0,0,0,0,0,0,0,0,0,0,0,0,0,0
Yes,"Landslide at Jungepani, Rolpa Municipality-10",-,other,Landslide,2026-08-05,Lumbini,Rolpa,Rolpa,10,0,0,0,0,0,0,0,0,0,0,0,0,0,0,0,0,0,0,0,0,0,0
Yes,Landslide at Byas Rural Municipality-1,-,other,Landslide,2026-08-05,Sudurpashchim,Darchula,Byas,1,0,0,0,0,0,0,0,0,0,0,0,0,0,0,0,0,0,0,0,0,0,0
Yes,"Landslide at Sunkote, Alital Rural Municipality-3",-,other,Landslide,2026-08-05,Sudurpashchim,Dadeldhura,Alital,3,20000,0,0,0,0,1,0,0,0,0,0,0,0,0,0,0,0,0,0,0,0,0
Yes,"Landslide at Sunkote, Gauriganga Municipality-9",-,other,Landslide,2026-08-05,Sudurpashchim,Kailali,Gauriganga,9,0,0,0,0,0,0,0,0,0,0,0,0,0,0,0,0,0,0,0,0,0,0
Yes,"Landslide at Phawakhola , Phungling Municipality-11",-,other,Landslide,2026-08-04,Koshi,Taplejung,Phungling,11,0,0,0,0,0,0,0,0,0,0,0,0,0,0,0,0,0,0,0,0,0,0
Yes,"Landslide at Sukebagar , Raghuganga Rural Municipality-8",-,other,Landslide,2026-08-04,Gandaki,Myagdi,Raghuganga,8,0,0,0,0,0,0,0,0,0,0,0,0,0,0,0,0,0,0,0,0,0,0
Yes,"Landslide at Ghumaune Bhir , Raghuganga Rural Municipality-8",-,other,Landslide,2026-08-04,Gandaki,Myagdi,Raghuganga,8,0,0,0,0,0,0,0,0,0,0,0,0,0,0,0,0,0,0,0,0,0,0
Yes,"Landslide at Simaltal , Bharatpur Metropolitan City-29",-,other,Landslide,2026-08-04,Bagmati,Chitwan,Bharatpur,29,0,0,0,0,0,0,0,0,0,0,0,0,0,0,0,0,0,0,0,0,0,0
Yes,"Landslide at Kholawang , Rolpa Municipality-10",-,other,Landslide,2026-08-04,Lumbini,Rolpa,Rolpa,10,0,0,0,0,0,0,0,0,0,0,0,0,0,0,0,0,0,0,0,0,0,0
Yes,"Landslide at Mabang , Rolpa Municipality-10",-,other,Landslide,2026-08-04,Lumbini,Rolpa,Rolpa,10,0,0,0,0,0,0,0,0,0,0,0,0,0,0,0,0,0,0,0,0,0,0
Yes,"Landslide at Tusare , Sharada Municipality-9",-,other,Landslide,2026-08-04,Karnali,Salyan,Sharada,9,0,0,0,0,0,0,0,0,0,0,0,0,0,0,0,0,0,0,0,0,0,0
Yes,"Landslide at Kolte , Sharada Municipality-9",-,other,Landslide,2026-08-04,Karnali,Salyan,Sharada,9,0,0,0,0,0,0,0,0,0,0,0,0,0,0,0,0,0,0,0,0,0,0
Yes,"Landslide at Talcha , Mugum Karmarong Rural Municipality-7",-,other,Landslide,2026-08-04,Karnali,Mugu,Mugum Karmarong,7,0,0,0,0,0,0,0,0,0,0,0,0,0,0,0,0,0,0,0,0,0,0
Yes,Landslide at Phaktanglung Rural Municipality-6,-,other,Landslide,2026-08-04,Koshi,Taplejung,Phaktanglung,6,0,0,0,0,0,0,0,0,0,0,0,0,0,0,0,0,0,0,0,0,0,0
Yes,Landslide at Putha Uttarganga Rural Municipality-4,-,other,Landslide,2026-08-04,Lumbini,Rukum East,Putha Uttarganga,4,0,0,0,0,0,0,0,0,0,0,0,0,0,0,0,0,0,0,0,0,0,0
Yes,Landslide at Phidim Municipality-11,-,other,Landslide,2026-08-04,Koshi,Panchthar,Phidim,11,0,0,0,0,0,0,0,0,0,0,0,0,0,0,0,0,0,0,0,0,0,0
Yes,"Landslide at Pangdur , Konjyosom Rural Municipality-4",-,other,Landslide,2026-08-04,Bagmati,Lalitpur,Konjyosom,4,0,0,0,0,0,0,0,0,0,0,0,0,0,0,0,0,0,0,0,0,0,0
Yes,"Landslide at Belbagar , Dhorpatan Municipality-4",-,other,Landslide,2026-08-04,Gandaki,Baglung,Dhorpatan,4,0,0,0,0,0,0,0,0,0,0,0,0,0,0,0,0,0,0,0,0,0,0
Yes,"Landslide at Phawakhola , Phungling Municipality-11",-,other,Landslide,2026-08-04,Koshi,Taplejung,Phungling,11,0,0,0,0,0,1,0,0,0,0,0,0,0,0,0,0,0,0,0,0,0,0
Yes,"Landslide at Khopikharka , Phidim Municipality-1",-,other,Landslide,2026-08-04,Koshi,Panchthar,Phidim,1,0,0,0,0,0,0,0,0,0,0,0,0,0,0,0,0,0,0,0,0,0,0
Yes,"Landslide at Karuwa , Machhapuchchhre Rural Municipality-2",-,other,Landslide,2026-08-04,Gandaki,Kaski,Machhapuchchhre,2,0,0,0,0,0,0,0,0,0,0,0,0,0,0,0,0,0,0,0,0,0,0
Yes,Landslide at Inaruwa Municipality-8,-,other,Landslide,2026-08-03,Koshi,Sunsari,Inaruwa,8,0,0,0,0,0,0,0,0,0,0,0,0,0,0,0,0,0,0,0,0,0,0
Yes,"Landslide at Kholawang, Rolpa Municipality-10",-,other,Landslide,2026-08-03,Lumbini,Rolpa,Rolpa,10,0,0,0,0,0,0,0,0,0,0,0,0,0,0,0,0,0,0,0,0,0,0
Yes,"Landslide at Kholawang, Rolpa Municipality-10",-,other,Landslide,2026-08-03,Lumbini,Rolpa,Rolpa,10,0,0,0,0,0,0,0,0,0,0,0,0,0,0,0,0,0,0,0,0,0,0
Yes,"Landslide at Barahasthan, Bhumikasthan Municipality-7",-,other,Landslide,2026-08-03,Lumbini,Arghakhanchi,Bhumikasthan,7,0,0,0,0,0,0,0,0,0,0,0,0,0,0,0,0,0,0,0,0,0,0
Yes,Landslide at Molung Rural Municipality-1,-,other,Landslide,2026-08-03,Koshi,Okhaldhunga,Molung,1,0,0,0,0,0,0,0,0,0,0,0,0,0,0,0,0,0,0,0,0,0,0
Yes,"Landslide at Padharikhola, Rolpa Municipality-10",-,other,Landslide,2026-08-03,Lumbini,Rolpa,Rolpa,10,0,0,0,0,0,0,0,0,0,0,0,0,0,0,0,0,0,0,0,0,0,0
Yes,"Landslide at Rangpani, Bhojpur Municipality-11",-,other,Landslide,2026-08-03,Koshi,Bhojpur,Bhojpur,11,0,0,0,0,0,0,0,0,0,0,0,0,0,0,0,0,0,0,0,0,0,0
Yes,"Landslide at ToplaKhola, Mugum Karmarong Rural Municipality-7",-,other,Landslide,2026-08-03,Karnali,Mugu,Mugum Karmarong,7,0,0,0,0,0,0,0,0,0,0,0,0,0,0,0,0,0,0,0,0,0,0
Yes,Landslide at Phaktanglung Rural Municipality-6,-,other,Landslide,2026-08-03,Koshi,Taplejung,Phaktanglung,6,0,0,0,0,0,0,0,0,0,0,0,0,0,0,0,0,0,0,0,0,0,0
Yes,Landslide at Rolpa Municipality-10,-,other,Landslide,2026-08-03,Lumbini,Rolpa,Rolpa,10,0,0,0,0,0,0,0,0,0,0,0,0,0,0,0,0,0,0,0,0,0,0
Yes,Landslide at Tara Khola Rural Municipality-4,-,other,Landslide,2026-08-03,Gandaki,Baglung,Tara Khola,4,0,0,0,0,0,0,0,0,0,0,0,0,0,0,0,0,0,0,0,0,0,0
Yes,"Landslide at Kalimati, Pyuthan Municipality-7",-,other,Landslide,2026-08-03,Lumbini,Pyuthan,Pyuthan,7,0,0,0,0,0,0,0,0,0,0,0,0,0,0,0,0,0,0,0,0,0,0
Yes,Landslide at Dhorpatan Municipality-4,-,other,Landslide,2026-08-03,Gandaki,Baglung,Dhorpatan,4,0,0,0,1,1,1,0,0,0,0,0,0,0,0,0,0,0,0,0,0,0,0
Yes,Landslide at Gosaikunda Rural Municipality-4,-,other,Landslide,2026-08-03,Bagmati,Rasuwa,Gosaikunda,4,0,0,0,0,0,0,0,0,0,0,0,0,0,0,0,0,0,0,0,0,0,0
Yes,"Landslide at Liping, Jugal Rural Municipality-2",-,other,Landslide,2026-08-03,Bagmati,Sindhupalchok,Jugal,2,0,0,0,0,0,0,0,0,0,0,0,0,0,0,0,0,0,0,0,0,0,0
Yes,"Landslide at Bishaltar , Netrawati Dabjong Rural Municipality-1",-,other,Landslide,2026-08-03,Bagmati,Dhading,Netrawati Dabjong,1,0,0,0,0,0,0,0,0,0,0,0,0,0,0,0,0,0,0,0,0,0,0
Yes,"Landslide at Phoksingtar , Rautamai Rural Municipality-5",-,other,Landslide,2026-08-03,Koshi,Udayapur,Rautamai,5,0,0,0,0,0,0,0,0,0,0,0,0,0,0,0,0,0,1,1,0,0,0
Yes,Landslide at Lo Ghekar Damodarkunda Rural Municipality-5,-,other,Landslide,2026-08-03,Gandaki,Mustang,Lo Ghekar Damodarkunda,5,0,0,0,0,0,0,0,0,0,0,0,0,0,0,0,0,0,0,0,0,0,0
Yes,"Landslide at Birbas , Resunga Municipality-14",-,other,Landslide,2026-08-03,Lumbini,Gulmi,Resunga,14,0,0,0,0,0,0,0,0,0,0,0,0,0,0,0,0,0,0,0,0,0,0
Yes,"Landslide at Aakashe , Phidim Municipality-11",-,other,Landslide,2026-08-03,Koshi,Panchthar,Phidim,11,0,0,0,0,0,0,0,0,0,0,0,0,0,0,0,0,0,0,0,0,0,0
Yes,"Landslide at Paiyabote , Ilam Municipality-12",-,other,Landslide,2026-08-03,Koshi,Ilam,Ilam,12,0,0,0,0,0,0,0,0,0,0,0,0,0,0,0,0,0,0,0,0,0,0
Yes,"Landslide at Paanidhara , Benighat Rorang Rural Municipality-10",-,other,Landslide,2026-08-03,Bagmati,Dhading,Benighat Rorang,10,0,0,0,0,0,0,0,0,0,0,0,0,0,0,0,0,0,0,0,0,0,0
Yes,"Landslide at Gairigaau , Molung Rural Municipality-1",-,other,Landslide,2026-08-03,Koshi,Okhaldhunga,Molung,1,0,0,0,0,0,0,0,0,0,0,0,0,0,0,0,0,0,0,0,0,0,0
Yes,"Landslide at Satal Bajar , Shadananda Municipality-10",-,other,Landslide,2026-08-03,Koshi,Bhojpur,Shadananda,10,0,0,0,0,0,0,0,0,0,0,0,0,0,0,0,0,0,0,0,0,0,0
Yes,Landslide at Shadananda Municipality-10,-,other,Landslide,2026-08-03,Koshi,Bhojpur,Shadananda,10,5000000,0,0,1,1,0,0,0,0,0,0,0,0,0,0,0,0,0,0,0,0,0
Yes,Landslide at Godawari Municipality-14,-,other,Landslide,2026-08-03,Bagmati,Lalitpur,Godawari,14,0,0,0,0,0,0,0,0,0,0,0,0,0,0,0,0,0,0,0,0,0,0
Yes,Landslide at Phidim Municipality-11,-,other,Landslide,2026-08-03,Koshi,Panchthar,Phidim,11,0,0,0,0,0,0,0,0,0,0,0,0,0,0,0,0,0,0,0,0,0,0
Yes,"Landslide at Majhaula Changthapu , Phidim Municipality-11",-,other,Landslide,2026-08-03,Koshi,Panchthar,Phidim,11,0,0,0,0,0,0,0,0,0,0,0,0,0,0,0,0,0,0,0,0,0,0
Yes,"Landslide at Kaiku Khola , Lo Ghekar Damodarkunda Rural Municipality-5",-,other,Landslide,2026-08-03,Gandaki,Mustang,Lo Ghekar Damodarkunda,5,0,0,0,0,0,0,0,0,0,0,0,0,0,0,0,0,0,0,0,0,0,0
Yes,"Landslide at Namlung , Khumbu Pasanglhamu Rural Municipality-3",-,other,Landslide,2026-08-03,Koshi,Solukhumbu,Khumbu Pasanglhamu,3,0,0,0,0,0,0,1,0,0,0,0,0,0,0,0,0,0,0,0,0,0,0
Yes,"Landslide at Bangekholsa, Sharada Municipality-9",-,other,Landslide,2026-08-03,Karnali,Salyan,Sharada,9,50000,0,0,0,0,0,1,0,0,0,0,0,0,0,0,0,0,0,0,0,0,0
Yes,"Landslide at Pangdur , Konjyosom Rural Municipality-4",-,other,Landslide,2026-08-02,Bagmati,Lalitpur,Konjyosom,4,0,0,0,0,0,0,0,0,0,0,0,0,0,0,0,0,0,0,0,0,0,0
Yes,"Landslide at Baiseri , Raghuganga Rural Municipality-8",-,other,Landslide,2026-08-02,Gandaki,Myagdi,Raghuganga,8,0,0,0,0,0,0,0,0,0,0,0,0,0,0,0,0,0,0,0,0,0,0
Yes,Landslide at Besishahar Municipality-6,-,other,Landslide,2026-08-02,Gandaki,Lamjung,Besishahar,6,0,0,0,0,0,0,0,0,0,0,0,0,0,0,0,0,0,0,0,0,0,0
Yes,"Landslide at Dhami Gaau , Machhapuchchhre Rural Municipality-2",-,other,Landslide,2026-08-02,Gandaki,Kaski,Machhapuchchhre,2,0,0,0,0,0,0,0,0,0,0,0,0,0,0,0,0,0,0,0,0,0,0
Yes,"Landslide at Kade , Phedap Rural Municipality-3",-,other,Landslide,2026-08-02,Koshi,Terhathum,Phedap,3,0,0,0,0,0,0,0,0,0,0,0,0,0,0,0,0,0,0,0,0,0,0
Yes,"Landslide at Near Mugling Public Toilet, Ichchhakamana Rural Municipality-5",-,other,Landslide,2026-08-02,Bagmati,Chitwan,Ichchhakamana,5,0,0,0,0,0,0,0,0,0,0,0,0,0,0,0,0,0,0,0,0,0,0
Yes,"Landslide at Rambajar , Marsyangdi Rural Municipality-7",-,other,Landslide,2026-08-02,Gandaki,Lamjung,Marsyangdi,7,0,0,0,0,0,0,0,0,0,0,0,0,0,0,0,0,0,0,0,0,0,0
Yes,"Landslide at Kholawag , Rolpa Municipality-10",-,other,Landslide,2026-08-02,Lumbini,Rolpa,Rolpa,10,0,0,0,0,0,0,0,0,0,0,0,0,0,0,0,0,0,0,0,0,0,0
Yes,"Landslide at Damphudanda , Sunapati Rural Municipality-3",-,other,Landslide,2026-08-02,Bagmati,Ramechhap,Sunapati,3,0,0,0,0,0,0,0,0,0,0,0,0,0,0,0,0,0,0,0,0,0,0
Yes,"Landslide at Pinthali , Namobuddha Municipality-7",-,other,Landslide,2026-08-02,Bagmati,Kavrepalanchok,Namobuddha,7,0,0,0,0,0,0,0,0,0,0,0,0,0,0,0,0,0,0,0,0,0,0
Yes,Landslide at Phedap Rural Municipality-3,-,other,Landslide,2026-08-02,Koshi,Terhathum,Phedap,3,0,0,0,0,0,0,0,0,0,0,0,0,0,0,0,0,0,0,0,0,0,0
Yes,"Landslide at Laxmibazar Diwa Marga , Dharche Rural Municipality-5",-,other,Landslide,2026-08-02,Gandaki,Gorkha,Dharche,5,0,0,0,1,1,1,0,0,0,0,0,0,0,0,0,0,0,1,1,0,0,0
Yes,"Landslide at Bagmara , Kushma Municipality-10",-,other,Landslide,2026-08-02,Gandaki,Parbat,Kushma,10,0,0,0,0,0,0,0,0,0,0,0,0,0,0,0,0,0,0,0,0,0,0
Yes,"Landslide at Tallo Thok , Dudhpokhari Rural Municipality-2",-,other,Landslide,2026-08-02,Gandaki,Lamjung,Dudhpokhari,2,0,0,0,0,0,0,0,0,0,0,0,0,0,0,0,0,0,0,0,0,0,0
Yes,"Landslide at Besi Tole Telkot , Bhaktapur Municipality-9",-,other,Landslide,2026-08-02,Bagmati,Bhaktapur,Bhaktapur,9,0,0,0,0,0,0,0,0,0,0,0,0,0,0,0,0,0,0,0,0,0,0
Yes,"Landslide at Panidhara, Ichchhakamana Rural Municipality-3",-,other,Landslide,2026-08-02,Bagmati,Chitwan,Ichchhakamana,3,0,0,0,0,0,0,0,0,0,0,0,0,0,0,0,0,0,0,0,0,0,0
Yes,"Landslide at Magrati Tole / Deurali , Dharche Rural Municipality-5",-,other,Landslide,2026-08-02,Gandaki,Gorkha,Dharche,5,0,0,0,0,0,0,0,0,0,0,0,0,0,0,0,0,0,0,0,0,0,0
Yes,"Landslide at Sibang , Raghuganga Rural Municipality-8",-,other,Landslide,2026-08-02,Gandaki,Myagdi,Raghuganga,8,0,0,0,0,0,0,0,0,0,0,0,0,0,0,0,0,0,0,0,0,0,0
Yes,"Landslide at Simleta , Sharada Municipality-9",-,other,Landslide,2026-08-02,Karnali,Salyan,Sharada,9,100000,0,0,0,0,1,0,0,0,0,0,0,0,0,0,0,0,0,0,0,0,0
Yes,"Landslide at Bhalukhola , Konjyosom Rural Municipality-4",-,other,Landslide,2026-08-02,Bagmati,Lalitpur,Konjyosom,4,0,0,0,0,0,0,0,0,0,0,0,0,0,0,0,0,0,0,0,0,0,0
Yes,"Landslide at Thulo Khola , Nagarjun Municipality-8",-,other,Landslide,2026-08-02,Bagmati,Kathmandu,Nagarjun,8,0,0,0,0,0,0,0,0,0,0,0,0,0,0,0,0,0,0,0,0,0,0
Yes,"Landslide at Kandabajar, Putha Uttarganga Rural Municipality-4",-,other,Landslide,2026-08-02,Lumbini,Rukum East,Putha Uttarganga,4,0,0,0,0,0,0,0,0,0,0,0,0,0,0,0,0,0,0,0,0,0,0
Yes,"Landslide at Kalekhola , Banphikot Rural Municipality-6",-,other,Landslide,2026-08-02,Karnali,Rukum West,Banphikot,6,0,0,0,0,0,0,0,0,0,0,0,0,0,0,0,0,0,0,0,0,0,0
Yes,"Landslide at Lungthung , Phaktanglung Rural Municipality-6",-,other,Landslide,2026-08-02,Koshi,Taplejung,Phaktanglung,6,60000,0,0,0,0,0,0,0,0,0,0,0,0,0,0,0,0,0,0,0,0,0
Yes,"Landslide at Chyanekhola , Dharche Rural Municipality-5",-,other,Landslide,2026-08-02,Gandaki,Gorkha,Dharche,5,0,0,0,0,0,1,0,0,0,0,0,0,0,0,0,0,0,0,0,0,0,0
Yes,Landslide at Bakaiya Rural Municipality-12,-,other,Landslide,2026-08-02,Bagmati,Makwanpur,Bakaiya,12,0,0,0,0,0,1,0,0,0,0,0,0,0,0,0,0,0,0,0,0,0,0
Yes,"Landslide at Bhalukhore, Rolpa Municipality-10",-,other,Landslide,2026-08-02,Lumbini,Rolpa,Rolpa,10,0,0,0,0,0,0,0,0,0,0,0,0,0,0,0,0,0,0,0,0,0,0
Yes,"Landslide at Kuwapani , Rolpa Municipality-10",-,other,Landslide,2026-08-02,Lumbini,Rolpa,Rolpa,10,0,0,0,0,0,0,0,0,0,0,0,0,0,0,0,0,0,0,0,0,0,0
Yes,"Landslide at Khachha , Simkot Rural Municipality-3",-,other,Landslide,2026-08-01,Karnali,Humla,Simkot,3,0,0,0,0,0,0,0,0,0,0,0,0,0,0,0,0,0,0,0,0,0,0
Yes,"Landslide at Gaulitar, Marsyangdi Rural Municipality-7",-,other,Landslide,2026-08-01,Gandaki,Lamjung,Marsyangdi,7,0,0,0,0,0,0,0,0,0,0,0,0,0,0,0,0,0,0,0,0,0,0
Yes,"Landslide at Bimire bhanjyang , MadhyaNepal Municipality-10",-,other,Landslide,2026-08-01,Gandaki,Lamjung,MadhyaNepal,10,0,0,0,0,0,0,0,0,0,0,0,0,0,0,0,0,0,0,0,0,0,0
Yes,"Landslide at Betali Haluwa , Gokulganga Rural Municipality-4",-,other,Landslide,2026-08-01,Bagmati,Ramechhap,Gokulganga,4,0,0,0,0,0,0,0,0,0,0,0,0,0,0,0,0,0,0,0,0,0,0
Yes,"Landslide at Chhatiwan , Gokulganga Rural Municipality-4",-,other,Landslide,2026-08-01,Bagmati,Ramechhap,Gokulganga,4,0,0,0,0,0,0,0,0,0,0,0,0,0,0,0,0,0,0,0,0,0,0
Yes,"Landslide at Dhami Gaau , Rupa Rural Municipality-4",-,other,Landslide,2026-08-01,Gandaki,Kaski,Rupa,4,0,0,0,0,0,0,0,0,0,0,0,0,0,0,0,0,0,0,0,0,0,0
Yes,"Landslide at Dharapani , Narpa Bhoomi Rural Municipality-3",-,other,Landslide,2026-08-01,Gandaki,Manang,Narpa Bhoomi,3,0,0,0,0,0,0,0,0,0,0,0,0,0,0,0,0,0,0,0,0,0,0
Yes,"Landslide at Dharapani , Nashong Rural Municipality-3",-,other,Landslide,2026-08-01,Gandaki,Manang,Nashong,3,0,0,0,0,0,0,0,0,0,0,0,0,0,0,0,0,0,0,0,0,0,0
Yes,"Landslide at Poudel Chowk , Phungling Municipality-7",-,other,Landslide,2026-08-01,Koshi,Taplejung,Phungling,7,0,0,0,0,0,0,0,0,0,0,0,0,0,0,0,0,0,0,0,0,0,0
Yes,"Landslide at Jyamireghat, Netrawati Dabjong Rural Municipality-1",-,other,Landslide,2026-07-31,Bagmati,Dhading,Netrawati Dabjong,1,0,0,0,0,0,0,0,0,0,0,0,0,0,0,0,0,0,0,0,0,0,0
Yes,"Landslide at Chhatiban , Gokulganga Rural Municipality-4",-,other,Landslide,2026-07-31,Bagmati,Ramechhap,Gokulganga,4,0,0,0,0,0,0,0,0,0,0,0,0,0,0,0,0,0,0,0,0,0,0
Yes,"Landslide at Under Danda , Dharche Rural Municipality-5",-,other,Landslide,2026-07-31,Gandaki,Gorkha,Dharche,5,0,0,0,0,0,0,0,0,0,0,0,0,0,0,0,0,0,0,0,0,0,0
Yes,Landslide at Molung Rural Municipality-1,-,other,Landslide,2026-07-31,Koshi,Okhaldhunga,Molung,1,0,0,0,0,0,0,0,0,0,0,0,0,0,0,0,0,0,0,0,0,0,0
Yes,"Landslide at Birenchowk Barthok , Gorkha Municipality-11",-,other,Landslide,2026-07-31,Gandaki,Gorkha,Gorkha,11,0,0,0,0,0,0,0,0,0,0,0,0,0,0,0,0,0,0,0,0,0,0
Yes,Landslide at Gorkha Municipality-11,-,other,Landslide,2026-07-31,Gandaki,Gorkha,Gorkha,11,0,0,0,0,0,0,0,0,0,0,0,0,0,0,0,0,0,0,0,0,0,0
Yes,"Landslide at Paanidhara & Chumingtar , Bharatpur Metropolitan City-14",-,other,Landslide,2026-07-30,Bagmati,Chitwan,Bharatpur,14,0,0,0,0,0,0,0,0,0,0,0,0,0,0,0,0,0,0,0,0,0,0
Yes,"Landslide at Sukebagar , Raghuganga Rural Municipality-8",-,other,Landslide,2026-07-30,Gandaki,Myagdi,Raghuganga,8,0,0,0,0,0,0,0,0,0,0,0,0,0,0,0,0,0,0,0,0,0,0
Yes,"Landslide at Baiseri , Raghuganga Rural Municipality-8",-,other,Landslide,2026-07-30,Gandaki,Myagdi,Raghuganga,8,0,0,0,0,0,0,0,0,0,0,0,0,0,0,0,0,0,0,0,0,0,0
Yes,"Landslide at Gagane Khola , Pachaljharana Rural Municipality-3",-,other,Landslide,2026-07-30,Karnali,Kalikot,Pachaljharana,3,0,0,0,0,0,0,0,0,0,0,0,0,0,0,0,0,0,0,0,0,0,0
Yes,"Landslide at Chamakhet , Nalgaad Municipality-7",-,other,Landslide,2026-07-30,Karnali,Jajarkot,Nalgaad,7,0,0,0,0,0,0,0,0,0,0,0,0,0,0,0,0,0,0,0,0,0,0
Yes,Landslide at Kageshwori Manahora Municipality-9,-,other,Landslide,2026-07-30,Bagmati,Kathmandu,Kageshwori Manahora,9,0,0,0,0,0,0,0,0,0,0,0,0,0,0,0,0,0,0,0,0,0,0
Yes,Landslide at Shikhar Municipality-2,-,other,Landslide,2026-07-30,Sudurpashchim,Doti,Shikhar,2,0,0,0,0,0,0,0,0,0,0,0,0,0,0,0,0,0,0,0,0,0,0
Yes,Landslide at Annapurna Rural Municipality-11,-,other,Landslide,2026-07-30,Gandaki,Kaski,Annapurna,11,0,0,0,0,0,0,0,0,0,0,0,0,0,0,0,0,0,0,0,0,0,0
Yes,"Landslide at Chinabung, Phaktanglung Rural Municipality-6",-,other,Landslide,2026-07-30,Koshi,Taplejung,Phaktanglung,6,0,0,0,0,0,0,0,0,0,0,0,0,0,0,0,0,0,0,0,0,0,0
Yes,Landslide at Dharche Rural Municipality-7,-,other,Landslide,2026-07-29,Gandaki,Gorkha,Dharche,7,0,0,0,0,0,0,0,0,0,0,0,0,0,0,0,0,0,0,0,0,0,0
Yes,"Landslide at Yarubagar & Salleri , Dharche Rural Municipality-5",-,other,Landslide,2026-07-29,Gandaki,Gorkha,Dharche,5,0,0,0,0,0,0,0,0,0,0,0,0,0,0,0,0,0,0,0,0,0,0
Yes,"Landslide at Sirchaur , Tulsipur Submetropolitan City-19",-,other,Landslide,2026-07-29,Lumbini,Dang,Tulsipur,19,0,0,0,0,0,0,0,0,0,0,0,0,0,0,0,0,0,0,0,0,0,0
Yes,"Landslide at Mahalaxmi Khola , Makawanpurgadhi Rural Municipality-5",-,other,Landslide,2026-07-29,Bagmati,Makwanpur,Makawanpurgadhi,5,0,0,0,0,0,0,0,0,0,0,0,0,0,0,0,0,0,0,0,0,0,0
Yes,Landslide at Konjyosom Rural Municipality-4,-,other,Landslide,2026-07-29,Bagmati,Lalitpur,Konjyosom,4,0,0,0,0,0,0,0,0,0,0,0,0,0,0,0,0,0,0,0,0,0,0
Yes,Landslide at Falelung Rural Municipality-5,-,other,Landslide,2026-07-29,Koshi,Panchthar,Falelung,5,0,0,0,0,0,0,0,0,0,0,0,0,0,0,0,0,0,0,0,0,0,0
Yes,"Landslide at Kumelang , Khandbari Municipality-7",-,other,Landslide,2026-07-29,Koshi,Sankhuwasabha,Khandbari,7,0,0,0,0,0,0,0,0,0,0,0,0,0,0,0,0,0,0,0,0,0,0
Yes,Landslide at Phaktanglung Rural Municipality-6,-,other,Landslide,2026-07-29,Koshi,Taplejung,Phaktanglung,6,0,0,0,0,0,0,0,0,0,0,0,0,0,0,0,0,0,1,0,1,0,0
Yes,"Landslide at Shreechaur , Marsyangdi Rural Municipality-7",-,other,Landslide,2026-07-28,Gandaki,Lamjung,Marsyangdi,7,0,0,0,0,0,0,0,0,0,0,0,0,0,0,0,0,0,0,0,0,0,0
Yes,Landslide at Pachaljharana Rural Municipality-3,-,other,Landslide,2026-07-28,Karnali,Kalikot,Pachaljharana,3,0,0,0,0,0,0,0,0,0,0,0,0,0,0,0,0,0,0,0,0,0,0
Yes,Landslide at Bidur Municipality-12,-,other,Landslide,2026-07-28,Bagmati,Nuwakot,Bidur,12,0,0,0,0,0,0,0,0,0,0,0,0,0,0,0,0,0,0,0,0,0,0
Yes,Landslide at Suryagadhi Rural Municipality-4,-,other,Landslide,2026-07-28,Bagmati,Nuwakot,Suryagadhi,4,0,0,0,0,0,0,1,0,0,0,0,0,0,0,0,0,0,0,0,0,0,0
Yes,Landslide at Kakani Rural Municipality-4,-,other,Landslide,2026-07-28,Bagmati,Nuwakot,Kakani,4,0,0,0,0,0,0,2,0,0,0,0,0,0,0,0,0,0,0,0,0,0,0
Yes,"Landslide at Jayachaur , Sharada Municipality-9",-,other,Landslide,2026-07-28,Karnali,Salyan,Sharada,9,0,0,0,0,0,0,0,0,0,0,0,0,0,0,0,0,0,0,0,0,0,0
Yes,"Landslide at Sukebagar, Raghuganga Rural Municipality-8",-,other,Landslide,2026-07-27,Gandaki,Myagdi,Raghuganga,8,0,0,0,0,0,0,0,0,0,0,0,0,0,0,0,0,0,0,0,0,0,0
Yes,Landslide at Konjyosom Rural Municipality-4,-,other,Landslide,2026-07-27,Bagmati,Lalitpur,Konjyosom,4,0,0,0,0,0,0,0,0,0,0,0,0,0,0,0,0,0,0,0,0,0,0
Yes,"Landslide at Bhatbashi, Marsyangdi Rural Municipality-7",-,other,Landslide,2026-07-27,Gandaki,Lamjung,Marsyangdi,7,0,0,0,0,0,0,1,1,1,0,0,0,0,0,0,0,0,1,0,1,0,0
Yes,"Landslide at Kholawang, Rolpa Municipality-10",-,other,Landslide,2026-07-27,Lumbini,Rolpa,Rolpa,10,0,0,0,0,0,0,0,0,0,0,0,0,0,0,0,0,0,0,0,0,0,0
Yes,Landslide at Bharatpur Metropolitan City-14,-,other,Landslide,2026-07-27,Bagmati,Chitwan,Bharatpur,14,0,0,0,0,0,0,0,0,0,0,0,0,0,0,0,0,0,0,0,0,0,0
Yes,"Landslide at Khemjuwa, Phidim Municipality-11",-,other,Landslide,2026-07-27,Koshi,Panchthar,Phidim,11,0,0,0,0,0,1,0,0,0,0,0,0,0,0,0,0,0,0,0,0,0,0
Yes,"Landslide at Sirise , Phidim Municipality-11",-,other,Landslide,2026-07-27,Koshi,Panchthar,Phidim,11,0,0,0,0,0,0,0,0,0,0,0,0,0,0,0,0,0,0,0,0,0,0
Yes,"Landslide at Thulo Khola , Kageshwori Manahora Municipality-9",-,other,Landslide,2026-07-27,Bagmati,Kathmandu,Kageshwori Manahora,9,0,0,0,0,0,0,0,0,0,0,0,0,0,0,0,0,0,0,0,0,0,0
Yes,Landslide at Phidim Municipality-11,-,other,Landslide,2026-07-27,Koshi,Panchthar,Phidim,11,0,0,0,0,0,0,0,0,0,0,0,0,0,0,0,0,0,0,0,0,0,0
Yes,"Landslide at Thatibhanjyang , Suryagadhi Rural Municipality-4",-,other,Landslide,2026-07-27,Bagmati,Nuwakot,Suryagadhi,4,0,0,0,0,0,0,0,0,0,0,0,0,0,0,0,0,0,0,0,0,0,0
Yes,"Landslide at Bhakimli Chimkhet , Beni Municipality-3",-,other,Landslide,2026-07-26,Gandaki,Myagdi,Beni,3,0,0,0,1,1,0,0,1,0,0,1,0,0,0,0,0,0,1,0,1,0,0
Yes,"Landslide at Pangdur , Konjyosom Rural Municipality-4",-,other,Landslide,2026-07-26,Bagmati,Lalitpur,Konjyosom,4,0,0,0,0,0,0,0,0,0,0,0,0,0,0,0,0,0,0,0,0,0,0
Yes,"Landslide at Shreechaur , Marsyangdi Rural Municipality-7",-,other,Landslide,2026-07-26,Gandaki,Lamjung,Marsyangdi,7,0,0,0,0,0,0,0,0,0,0,0,0,0,0,0,0,0,0,0,0,0,0
Yes,"Landslide at Simaltal , Bharatpur Metropolitan City-29",-,other,Landslide,2026-07-26,Bagmati,Chitwan,Bharatpur,29,0,0,0,0,0,0,0,0,0,0,0,0,0,0,0,0,0,0,0,0,0,0
Yes,"Landslide at Pinthali , Namobuddha Municipality-7",-,other,Landslide,2026-07-26,Bagmati,Kavrepalanchok,Namobuddha,7,0,0,0,0,0,0,0,0,0,0,0,0,0,0,0,0,0,0,0,0,0,0
Yes,"Landslide at Sukebagar , Raghuganga Rural Municipality-8",-,other,Landslide,2026-07-26,Gandaki,Myagdi,Raghuganga,8,0,0,0,0,0,0,0,0,0,0,0,0,0,0,0,0,0,0,0,0,0,0
Yes,"Landslide at Baiseri , Raghuganga Rural Municipality-8",-,other,Landslide,2026-07-26,Gandaki,Myagdi,Raghuganga,8,0,0,0,0,0,0,0,0,0,0,0,0,0,0,0,0,0,0,0,0,0,0
Yes,"Landslide at Siddhababa, Mathagadhi Rural Municipality-1",-,other,Landslide,2026-07-26,Lumbini,Palpa,Mathagadhi,1,0,0,0,0,0,0,0,0,0,0,0,0,0,0,0,0,0,0,0,0,0,0
Yes,"Landslide at Kharkhare Bhir , Besishahar Municipality-6",-,other,Landslide,2026-07-26,Gandaki,Lamjung,Besishahar,6,0,0,0,0,0,0,0,0,0,0,0,0,0,0,0,0,0,0,0,0,0,0
Yes,"Landslide at Anda Danda , Dharche Rural Municipality-5",-,other,Landslide,2026-07-26,Gandaki,Gorkha,Dharche,5,0,0,0,0,0,0,0,0,0,0,0,0,0,0,0,0,0,0,0,0,0,0
Yes,Landslide at Surma Rural Municipality-1,-,other,Landslide,2026-07-26,Sudurpashchim,Bajhang,Surma,1,0,0,0,0,0,0,3,0,0,0,0,0,0,0,0,0,0,0,0,0,0,0
Yes,"Landslide at Ghumaune Bhir , Raghuganga Rural Municipality-8",-,other,Landslide,2026-07-26,Gandaki,Myagdi,Raghuganga,8,0,0,0,0,0,0,0,0,0,0,0,0,0,0,0,0,0,0,0,0,0,0
Yes,"Landslide at Kandabagar , Putha Uttarganga Rural Municipality-4",-,other,Landslide,2026-07-26,Lumbini,Rukum East,Putha Uttarganga,4,0,0,0,0,0,0,0,0,0,0,0,0,0,0,0,0,0,0,0,0,0,0
Yes,"Landslide at Tarangkhola , Hupsekot Rural Municipality-4",-,other,Landslide,2026-07-26,Gandaki,Nawalparasi East,Hupsekot,4,0,0,0,0,0,0,0,0,0,0,0,0,0,0,0,0,0,0,0,0,0,0
Yes,"Landslide at Dharapani Tallo Hadebhir , Raghuganga Rural Municipality-8",-,other,Landslide,2026-07-26,Gandaki,Myagdi,Raghuganga,8,0,0,0,1,1,0,0,0,0,0,0,0,0,0,0,0,0,2,1,1,0,0
Yes,"Landslide at Tarangkhola, Hupsekot Rural Municipality-4",-,other,Landslide,2026-07-26,Gandaki,Nawalparasi East,Hupsekot,4,0,0,0,0,0,0,0,0,0,0,0,0,0,0,0,0,0,0,0,0,0,0
Yes,"Landslide at Bhorleni , Dudhouli Municipality-2",-,other,Landslide,2026-07-26,Bagmati,Sindhuli,Dudhouli,2,0,0,0,0,0,0,4,0,0,0,0,0,0,0,0,0,0,0,0,0,0,0
Yes,"Landslide at Karuwa , Machhapuchchhre Rural Municipality-2",-,other,Landslide,2026-07-26,Gandaki,Kaski,Machhapuchchhre,2,0,0,0,0,0,0,0,0,0,0,0,0,0,0,0,0,0,0,0,0,0,0
Yes,"Landslide at Phorche Tanga , Khumbu Pasanglhamu Rural Municipality-3",-,other,Landslide,2026-07-26,Koshi,Solukhumbu,Khumbu Pasanglhamu,3,0,0,0,0,0,0,0,0,0,0,0,0,0,0,0,0,0,0,0,0,0,0
Yes,Landslide at Gokulganga Rural Municipality-4,-,other,Landslide,2026-07-25,Bagmati,Ramechhap,Gokulganga,4,0,0,0,0,0,0,0,0,0,0,0,0,0,0,0,0,0,0,0,0,0,0
Yes,"Landslide at Kholawang, Rolpa Municipality-10",-,other,Landslide,2026-07-25,Lumbini,Rolpa,Rolpa,10,0,0,0,0,0,0,0,0,0,0,0,0,0,0,0,0,0,0,0,0,0,0
Yes,"Landslide at Supani, Shey Phoksundo Rural Municipality-99",-,other,Landslide,2026-07-25,Karnali,Dolpa,Shey Phoksundo,99,0,0,0,0,0,0,0,0,0,0,0,0,0,0,0,0,0,0,0,0,0,0
Yes,Landslide at Dharche Rural Municipality-5,-,other,Landslide,2026-07-25,Gandaki,Gorkha,Dharche,5,0,0,0,0,0,0,0,0,0,0,0,0,0,0,0,0,0,0,0,0,0,0
Yes,Landslide at Mugum Karmarong Rural Municipality-7,-,other,Landslide,2026-07-25,Karnali,Mugu,Mugum Karmarong,7,0,0,0,0,0,0,0,0,0,0,0,0,0,0,0,0,0,0,0,0,0,0
Yes,"Landslide at Kalle , Dhorpatan Municipality-4",-,other,Landslide,2026-07-25,Gandaki,Baglung,Dhorpatan,4,0,0,0,0,0,0,1,0,0,0,0,0,0,0,0,0,0,0,0,0,0,0
Yes,"Landslide at Kholawang , Rolpa Municipality-10",-,other,Landslide,2026-07-25,Lumbini,Rolpa,Rolpa,10,0,0,0,0,0,0,0,0,0,0,0,0,0,0,0,0,0,0,0,0,0,0
Yes,Landslide at Gaumul Rural Municipality-1,-,other,Landslide,2026-07-25,Sudurpashchim,Bajura,Gaumul,1,0,0,0,0,0,0,0,0,0,0,0,0,0,0,0,0,0,0,0,0,0,0
Yes,"Landslide at Shreechaur , Marsyangdi Rural Municipality-7",-,other,Landslide,2026-07-25,Gandaki,Lamjung,Marsyangdi,7,0,0,0,0,0,0,0,0,0,0,0,0,0,0,0,0,0,0,0,0,0,0
Yes,"Landslide at Lummadin , Phidim Municipality-11",-,other,Landslide,2026-07-25,Koshi,Panchthar,Phidim,11,0,0,0,0,0,0,0,0,0,0,0,0,0,0,0,0,0,0,0,0,0,0
Yes,"Landslide at Tatamakhu, Narayan Municipality-11",-,other,Landslide,2026-07-25,Karnali,Dailekh,Narayan,11,0,0,0,0,0,0,0,1,0,1,0,0,0,0,0,0,0,0,0,0,0,0
Yes,"Landslide at Shreechaur , Marsyangdi Rural Municipality-7",-,other,Landslide,2026-07-24,Gandaki,Lamjung,Marsyangdi,7,0,0,0,0,0,0,0,0,0,0,0,0,0,0,0,0,0,0,0,0,0,0
Yes,Landslide at Mugum Karmarong Rural Municipality-7,-,other,Landslide,2026-07-24,Karnali,Mugu,Mugum Karmarong,7,0,0,0,0,0,0,0,0,0,0,0,0,0,0,0,0,0,0,0,0,0,0
Yes,Landslide at Mugum Karmarong Rural Municipality-7,-,other,Landslide,2026-07-24,Karnali,Mugu,Mugum Karmarong,7,0,0,0,0,0,0,0,1,0,0,1,0,0,0,0,0,0,2,1,1,0,0
Yes,Landslide at Barpak Sulikot Rural Municipality-8,-,other,Landslide,2026-07-24,Gandaki,Gorkha,Barpak Sulikot,8,0,0,0,0,0,0,0,0,0,0,0,0,0,0,0,0,0,0,0,0,0,0
Yes,"Landslide at Kholawang , Rolpa Municipality-10",-,other,Landslide,2026-07-24,Lumbini,Rolpa,Rolpa,10,0,0,0,0,0,0,0,0,0,0,0,0,0,0,0,0,0,0,0,0,0,0
Yes,"Landslide at Seram, Rolpa Municipality-10",-,other,Landslide,2026-07-24,Lumbini,Rolpa,Rolpa,10,0,0,0,0,0,0,6,2,0,2,0,0,0,0,0,0,0,1,1,0,0,0
Yes,"Landslide at Tawa , Phaktanglung Rural Municipality-6",-,other,Landslide,2026-07-24,Koshi,Taplejung,Phaktanglung,6,0,0,0,0,0,0,0,0,0,0,0,0,0,0,0,0,0,0,0,0,0,0
Yes,"Landslide at Phalachaur , Bhumikasthan Municipality-7",-,other,Landslide,2026-07-24,Lumbini,Arghakhanchi,Bhumikasthan,7,0,0,0,0,0,0,0,0,0,0,0,0,0,0,0,0,0,0,0,0,0,0
Yes,Landslide at Gaumul Rural Municipality-1,-,other,Landslide,2026-07-24,Sudurpashchim,Bajura,Gaumul,1,0,0,0,0,0,0,0,0,0,0,0,0,0,0,0,0,0,0,0,0,0,0
Yes,Landslide at Nechasalyan Rural Municipality-6,-,other,Landslide,2026-07-24,Koshi,Solukhumbu,Nechasalyan,6,0,0,0,0,0,0,0,0,0,0,0,0,0,0,0,0,0,0,0,0,0,0
Yes,Landslide at Machhapuchchhre Rural Municipality-2,-,other,Landslide,2026-07-24,Gandaki,Kaski,Machhapuchchhre,2,0,0,0,0,0,0,0,0,0,0,0,0,0,0,0,0,0,0,0,0,0,0
Yes,"Landslide at Tinpaneri , Sharada Municipality-9",-,other,Landslide,2026-07-24,Karnali,Salyan,Sharada,9,0,0,0,0,0,0,0,0,0,0,0,0,0,0,0,0,0,0,0,0,0,0
Yes,"Landslide at Jadanga , Gaumul Rural Municipality-1",-,other,Landslide,2026-07-23,Sudurpashchim,Bajura,Gaumul,1,0,0,0,0,0,0,0,0,0,0,0,0,0,0,0,0,0,0,0,0,0,0
Yes,"Landslide at Paaniikhola , Kamalbazar Municipality-7",-,other,Landslide,2026-07-23,Sudurpashchim,Achham,Kamalbazar,7,0,0,0,0,0,0,0,0,0,0,0,0,0,0,0,0,0,0,0,0,0,0
Yes,"Landslide at Selagaad , Gaumul Rural Municipality-1",-,other,Landslide,2026-07-23,Sudurpashchim,Bajura,Gaumul,1,0,0,0,0,0,0,0,0,0,0,0,0,0,0,0,0,0,0,0,0,0,0
Yes,"Landslide at Saureni , Phedap Rural Municipality-3",-,other,Landslide,2026-07-23,Koshi,Terhathum,Phedap,3,0,0,0,0,0,0,0,0,0,0,0,0,0,0,0,0,0,0,0,0,0,0
Yes,Landslide at Phaktanglung Rural Municipality-6,-,other,Landslide,2026-07-23,Koshi,Taplejung,Phaktanglung,6,0,0,0,0,0,0,0,0,0,0,0,0,0,0,0,0,0,0,0,0,0,0
Yes,Landslide at Sharada Municipality-9,-,other,Landslide,2026-07-23,Karnali,Salyan,Sharada,9,0,0,0,0,0,0,0,0,0,0,0,0,0,0,0,0,0,0,0,0,0,0
Yes,"Landslide at Chiuridanda , Barahtal Rural Municipality-8",-,other,Landslide,2026-07-23,Karnali,Surkhet,Barahtal,8,0,0,0,0,0,0,0,0,0,0,0,0,0,0,0,0,0,0,0,0,0,0
Yes,Landslide at Kushma Municipality-10,-,other,Landslide,2026-07-23,Gandaki,Parbat,Kushma,10,0,0,0,0,0,0,0,0,0,0,0,0,0,0,0,0,0,1,1,0,0,0
Yes,Landslide at Falelung Rural Municipality-2,-,other,Landslide,2026-07-23,Koshi,Panchthar,Falelung,2,0,0,0,0,0,0,0,0,0,0,0,0,0,0,0,0,0,0,0,0,0,0
Yes,"Landslide at Sukebagar , Raghuganga Rural Municipality-8",-,other,Landslide,2026-07-22,Gandaki,Myagdi,Raghuganga,8,0,0,0,0,0,0,0,0,0,0,0,0,0,0,0,0,0,0,0,0,0,0
Yes,"Landslide at Shreechaur , Marsyangdi Rural Municipality-7",-,other,Landslide,2026-07-22,Gandaki,Lamjung,Marsyangdi,7,0,0,0,0,0,0,0,0,0,0,0,0,0,0,0,0,0,0,0,0,0,0
Yes,"Landslide at Titaure , Dhorpatan Municipality-4",-,other,Landslide,2026-07-22,Gandaki,Baglung,Dhorpatan,4,0,0,0,0,0,0,0,0,0,0,0,0,0,0,0,0,0,0,0,0,0,0
Yes,"Landslide at Pina River , Chhayanath Rara Municipality-7",-,other,Landslide,2026-07-22,Karnali,Mugu,Chhayanath Rara,7,0,0,0,0,0,0,0,0,0,0,0,0,0,0,0,0,0,0,0,0,0,0
Yes,"Landslide at Solti Mode , Bigu Rural Municipality-1",-,other,Landslide,2026-07-22,Bagmati,Dolakha,Bigu,1,0,0,0,0,0,0,0,0,0,0,0,0,0,0,0,0,0,0,0,0,0,0
Yes,"Landslide at Khursane , Dharche Rural Municipality-5",-,other,Landslide,2026-07-22,Gandaki,Gorkha,Dharche,5,0,0,0,0,0,0,0,0,0,0,0,0,0,0,0,0,0,0,0,0,0,0
Yes,Landslide at Mugum Karmarong Rural Municipality-7,-,other,Landslide,2026-07-22,Karnali,Mugu,Mugum Karmarong,7,0,0,0,0,0,0,0,0,0,0,0,0,0,0,0,0,0,0,0,0,0,0
Yes,"Landslide at Kulung , Gosaikunda Rural Municipality-3",-,other,Landslide,2026-07-22,Bagmati,Rasuwa,Gosaikunda,3,0,0,0,0,0,0,0,0,0,0,0,0,0,0,0,0,0,0,0,0,0,0
Yes,Landslide at Marsyangdi Rural Municipality-7,-,other,Landslide,2026-07-22,Gandaki,Lamjung,Marsyangdi,7,0,0,0,0,0,0,0,0,0,0,0,0,0,0,0,0,0,0,0,0,0,0
Yes,Landslide at Phaktanglung Rural Municipality-6,-,other,Landslide,2026-07-22,Koshi,Taplejung,Phaktanglung,6,0,0,0,0,0,0,0,0,0,0,0,0,0,0,0,0,0,0,0,0,0,0
Yes,"Landslide at Bistadanda , Gaumul Rural Municipality-1",-,other,Landslide,2026-07-22,Sudurpashchim,Bajura,Gaumul,1,0,0,0,0,0,0,0,0,0,0,0,0,0,0,0,0,0,0,0,0,0,0
Yes,Landslide at Rolpa Municipality-10,-,other,Landslide,2026-07-22,Lumbini,Rolpa,Rolpa,10,0,0,0,0,0,0,0,0,0,0,0,0,0,0,0,0,0,0,0,0,0,0
Yes,"Landslide at Malang , Raghuganga Rural Municipality-8",-,other,Landslide,2026-07-22,Gandaki,Myagdi,Raghuganga,8,0,0,0,0,0,0,0,0,0,0,0,0,0,0,0,0,0,1,1,0,0,0
Yes,"Landslide at Kulung , Gosaikunda Rural Municipality-4",-,other,Landslide,2026-07-22,Bagmati,Rasuwa,Gosaikunda,4,0,0,0,0,0,0,0,0,0,0,0,0,0,0,0,0,0,0,0,0,0,0
Yes,"Landslide at Pangdur , Konjyosom Rural Municipality-4",-,other,Landslide,2026-07-21,Bagmati,Lalitpur,Konjyosom,4,0,0,0,0,0,0,0,0,0,0,0,0,0,0,0,0,0,0,0,0,0,0
Yes,"Landslide at Ghumaune Bhir , Raghuganga Rural Municipality-8",-,other,Landslide,2026-07-21,Gandaki,Myagdi,Raghuganga,8,0,0,0,0,0,0,0,0,0,0,0,0,0,0,0,0,0,0,0,0,0,0
Yes,Landslide at Surnaya Rural Municipality-5,-,other,Landslide,2026-07-21,Sudurpashchim,Baitadi,Surnaya,5,0,0,0,0,0,0,0,0,0,0,0,0,0,0,0,0,0,0,0,0,0,0
Yes,Landslide at Bigu Rural Municipality-1,-,other,Landslide,2026-07-21,Bagmati,Dolakha,Bigu,1,0,0,0,1,1,0,0,1,1,0,0,0,0,0,0,0,0,0,0,0,0,0
Yes,Landslide at Phidim Municipality-11,-,other,Landslide,2026-07-21,Koshi,Panchthar,Phidim,11,0,0,0,0,0,0,0,0,0,0,0,0,0,0,0,0,0,0,0,0,0,0
Yes,Landslide at Gaumul Rural Municipality-1,-,other,Landslide,2026-07-21,Sudurpashchim,Bajura,Gaumul,1,0,0,0,0,0,0,0,0,0,0,0,0,0,0,0,0,0,0,0,0,0,0
Yes,"Landslide at Khademel , Pachaljharana Rural Municipality-3",-,other,Landslide,2026-07-21,Karnali,Kalikot,Pachaljharana,3,0,0,0,0,0,0,0,0,0,0,0,0,0,0,0,0,0,0,0,0,0,0
Yes,Landslide at Rolpa Municipality-10,-,other,Landslide,2026-07-21,Lumbini,Rolpa,Rolpa,10,0,0,0,0,0,0,0,0,0,0,0,0,0,0,0,0,0,0,0,0,0,0
Yes,Landslide at Dharche Rural Municipality-5,-,other,Landslide,2026-07-21,Gandaki,Gorkha,Dharche,5,0,0,0,0,0,0,0,0,0,0,0,0,0,0,0,0,0,0,0,0,0,0
Yes,"Landslide at Phorse , Kushma Municipality-10",-,other,Landslide,2026-07-21,Gandaki,Parbat,Kushma,10,0,0,0,0,0,0,0,0,0,0,0,0,0,0,0,0,0,0,0,0,0,0
Yes,"Landslide at Sadikhola , Dharche Rural Municipality-5",-,other,Landslide,2026-07-21,Gandaki,Gorkha,Dharche,5,0,0,0,0,0,0,0,0,0,0,0,0,0,0,0,0,0,0,0,0,0,0
Yes,"Landslide at Kharkhare Bhir , Besishahar Municipality-6",-,other,Landslide,2026-07-21,Gandaki,Lamjung,Besishahar,6,0,0,0,0,0,0,0,0,0,0,0,0,0,0,0,0,0,0,0,0,0,0
Yes,"Landslide at Raduwa Khola , Alital Rural Municipality-3",-,other,Landslide,2026-07-21,Sudurpashchim,Dadeldhura,Alital,3,0,0,0,0,0,0,0,0,0,0,0,0,0,0,0,0,0,0,0,0,0,0
Yes,"Landslide at Tasinam , Bigu Rural Municipality-1",-,other,Landslide,2026-07-21,Bagmati,Dolakha,Bigu,1,0,0,0,0,0,2,0,0,0,0,0,0,0,0,0,0,0,0,0,0,0,0
Yes,"Landslide at Takuche , Konjyosom Rural Municipality-4",-,other,Landslide,2026-07-20,Bagmati,Lalitpur,Konjyosom,4,0,0,0,0,0,0,0,0,0,0,0,0,0,0,0,0,0,0,0,0,0,0
Yes,Landslide at Bhirkot Municipality-8,-,other,Landslide,2026-07-20,Gandaki,Syangja,Bhirkot,8,0,0,0,0,0,0,0,0,0,0,0,0,0,0,0,0,0,0,0,0,0,0
Yes,"Landslide at Lahachhebar , Gokulganga Rural Municipality-4",-,other,Landslide,2026-07-20,Bagmati,Ramechhap,Gokulganga,4,0,0,0,0,0,0,0,0,0,0,0,0,0,0,0,0,0,0,0,0,0,0
Yes,"Landslide at Malma Khaulekhola , Dhorpatan Municipality-4",-,other,Landslide,2026-07-20,Gandaki,Baglung,Dhorpatan,4,0,0,0,0,0,0,0,0,0,0,0,0,0,0,0,0,0,0,0,0,0,0
Yes,"Landslide at Risthe , Gokulganga Rural Municipality-4",-,other,Landslide,2026-07-20,Bagmati,Ramechhap,Gokulganga,4,0,0,0,0,0,0,0,0,0,0,0,0,0,0,0,0,0,0,0,0,0,0
Yes,"Landslide at Chalise Chambas , Netrawati Dabjong Rural Municipality-1",-,other,Landslide,2026-07-20,Bagmati,Dhading,Netrawati Dabjong,1,0,0,0,0,0,0,0,0,0,0,0,0,0,0,0,0,0,0,0,0,0,0
Yes,"Landslide at Pipalchhap , Waling Municipality-13",-,other,Landslide,2026-07-20,Gandaki,Syangja,Waling,13,0,0,0,0,0,0,0,0,0,0,0,0,0,0,0,0,0,0,0,0,0,0
Yes,"Landslide at Sisneri , Makawanpurgadhi Rural Municipality-5",-,other,Landslide,2026-07-20,Bagmati,Makwanpur,Makawanpurgadhi,5,0,0,0,0,0,0,0,0,0,0,0,0,0,0,0,0,0,0,0,0,0,0
Yes,"Landslide at Daurali, Phidim Municipality-11",-,nepal_police,Landslide,2026-07-20,Koshi,Panchthar,Phidim,11,0,0,0,0,0,0,0,0,0,0,0,0,0,0,0,0,0,0,0,0,0,0
Yes,"Landslide at Mabu, Ilam Municipality-12",-,nepal_police,Landslide,2026-07-20,Koshi,Ilam,Ilam,12,0,0,0,0,0,0,0,0,0,0,0,0,0,0,0,0,0,0,0,0,0,0
Yes,"Landslide at Kopche, Phidim Municipality-11",-,nepal_police,Landslide,2026-07-20,Koshi,Panchthar,Phidim,11,0,0,0,0,0,0,0,0,0,0,0,0,0,0,0,0,0,0,0,0,0,0
Yes,"Landslide at Liding, Dharche Rural Municipality-5",-,nepal_police,Landslide,2026-07-20,Gandaki,Gorkha,Dharche,5,0,0,0,0,0,0,0,0,0,0,0,0,0,0,0,0,0,0,0,0,0,0
Yes,"Landslide at Bagar, Kushe Rural Municipality-7",-,nepal_police,Landslide,2026-07-20,Karnali,Jajarkot,Kushe,7,0,0,0,0,0,0,0,0,0,0,0,0,0,0,0,0,0,0,0,0,0,0
Yes,"Landslide at Ganeshtar , Dhankuta Municipality-2",-,other,Landslide,2026-07-20,Koshi,Dhankuta,Dhankuta,2,0,0,0,0,0,1,0,0,0,0,0,0,0,0,0,0,0,0,0,0,0,0
Yes,"Landslide at Pintahli , Roshi Rural Municipality-9",-,other,Landslide,2026-07-19,Bagmati,Kavrepalanchok,Roshi,9,0,0,0,0,0,0,0,0,0,0,0,0,0,0,0,0,0,0,0,0,0,0
Yes,"Landslide at Viraldanda , Shivraj Municipality-1",-,other,Landslide,2026-07-19,Lumbini,Kapilbastu,Shivraj,1,0,0,0,0,0,0,0,0,0,0,0,0,0,0,0,0,0,0,0,0,0,0
Yes,Landslide at Ichchhakamana Rural Municipality-3,-,other,Landslide,2026-07-19,Bagmati,Chitwan,Ichchhakamana,3,0,0,0,0,0,0,0,0,0,0,0,0,0,0,0,0,0,0,0,0,0,0
Yes,"Landslide at Mahabhir , Raghuganga Rural Municipality-8",-,other,Landslide,2026-07-19,Gandaki,Myagdi,Raghuganga,8,0,0,0,0,0,0,0,0,0,0,0,0,0,0,0,0,0,0,0,0,0,0
Yes,"Landslide at Baksing Chowk , Khandbari Municipality-7",-,other,Landslide,2026-07-19,Koshi,Sankhuwasabha,Khandbari,7,0,0,0,0,0,0,0,0,0,0,0,0,0,0,0,0,0,0,0,0,0,0
Yes,Landslide at Resunga Municipality-14,-,other,Landslide,2026-07-19,Lumbini,Gulmi,Resunga,14,0,0,0,0,0,0,0,0,0,0,0,0,0,0,0,0,0,0,0,0,0,0
Yes,Landslide at Dharche Rural Municipality-7,-,other,Landslide,2026-07-19,Gandaki,Gorkha,Dharche,7,0,0,0,0,0,0,0,0,0,0,0,0,0,0,0,0,0,0,0,0,0,0
Yes,Landslide at Phungling Municipality-7,-,other,Landslide,2026-07-19,Koshi,Taplejung,Phungling,7,0,0,0,0,0,0,0,0,0,0,0,0,0,0,0,0,0,0,0,0,0,0
Yes,"Landslide at Naya Buspark , Phidim Municipality-4",-,other,Landslide,2026-07-19,Koshi,Panchthar,Phidim,4,0,0,0,0,0,0,0,0,0,0,0,0,0,0,0,0,0,0,0,0,0,0
Yes,"Landslide at Pathkhola , Waling Municipality-13",-,other,Landslide,2026-07-19,Gandaki,Syangja,Waling,13,0,0,0,0,0,0,0,0,0,0,0,0,0,0,0,0,0,0,0,0,0,0
Yes,"Landslide at Dumribhanjyang , Waling Municipality-14",-,other,Landslide,2026-07-19,Gandaki,Syangja,Waling,14,0,0,0,0,0,0,0,0,0,0,0,0,0,0,0,0,0,0,0,0,0,0
Yes,Landslide at Phidim Municipality-11,-,other,Landslide,2026-07-19,Koshi,Panchthar,Phidim,11,0,0,0,0,0,0,0,0,0,0,0,0,0,0,0,0,0,0,0,0,0,0
Yes,Landslide at Bigu Rural Municipality-1,-,other,Landslide,2026-07-19,Bagmati,Dolakha,Bigu,1,0,0,0,0,0,0,0,0,0,0,0,0,0,0,0,0,0,0,0,0,0,0
Yes,"Landslide at Panebaaj , Apihimal Rural Municipality-6",-,other,Landslide,2026-07-19,Sudurpashchim,Darchula,Apihimal,6,0,0,0,0,0,0,0,0,0,0,0,0,0,0,0,0,0,0,0,0,0,0
Yes,"Landslide at Paneru , Sharada Municipality-9",-,other,Landslide,2026-07-19,Karnali,Salyan,Sharada,9,0,0,0,0,0,0,0,0,0,0,0,0,0,0,0,0,0,0,0,0,0,0
Yes,Landslide at Bidur Municipality-12,-,other,Landslide,2026-07-19,Bagmati,Nuwakot,Bidur,12,0,0,0,0,0,0,0,0,0,0,0,0,0,0,0,0,0,1,1,0,0,0
Yes,"Landslide at Pipalu , Alital Rural Municipality-3",-,other,Landslide,2026-07-19,Sudurpashchim,Dadeldhura,Alital,3,100000,0,0,0,0,0,0,0,0,0,0,0,0,0,0,0,0,0,0,0,0,0
Yes,"Landslide at Bardanda , Phidim Municipality-11",-,other,Landslide,2026-07-19,Koshi,Panchthar,Phidim,11,0,0,0,0,0,0,0,0,0,0,0,0,0,0,0,0,0,0,0,0,0,0
Yes,Landslide at Rolpa Municipality-10,-,other,Landslide,2026-07-19,Lumbini,Rolpa,Rolpa,10,0,0,0,0,0,0,0,0,0,0,0,0,0,0,0,0,0,0,0,0,0,0
Yes,"Landslide at Bardanda , Phidim Municipality-11",-,other,Landslide,2026-07-19,Koshi,Panchthar,Phidim,11,0,0,0,0,0,0,0,0,0,0,0,0,0,0,0,0,0,0,0,0,0,0
Yes,"Landslide at Bihibare , Khandbari Municipality-7",-,other,Landslide,2026-07-19,Koshi,Sankhuwasabha,Khandbari,7,0,0,0,0,0,0,0,0,0,0,0,0,0,0,0,0,0,0,0,0,0,0
Yes,Landslide at Khandbari Municipality-7,-,other,Landslide,2026-07-19,Koshi,Sankhuwasabha,Khandbari,7,0,0,0,0,0,0,0,0,0,0,0,0,0,0,0,0,0,0,0,0,0,0
Yes,Landslide at Phidim Municipality-11,-,other,Landslide,2026-07-19,Koshi,Panchthar,Phidim,11,0,0,0,0,0,0,0,0,0,0,0,0,0,0,0,0,0,0,0,0,0,0
Yes,"Landslide at Jawangkhola , Benighat Rorang Rural Municipality-10",-,other,Landslide,2026-07-18,Bagmati,Dhading,Benighat Rorang,10,0,0,0,0,0,0,0,0,0,0,0,0,0,0,0,0,0,0,0,0,0,0
Yes,"Landslide at Daunne Bajar , Hupsekot Rural Municipality-4",-,other,Landslide,2026-07-18,Gandaki,Nawalparasi East,Hupsekot,4,0,0,0,0,0,0,0,0,0,0,0,0,0,0,0,0,0,0,0,0,0,0
Yes,"Landslide at Pangdur , Konjyosom Rural Municipality-4",-,other,Landslide,2026-07-18,Bagmati,Lalitpur,Konjyosom,4,0,0,0,0,0,0,0,0,0,0,0,0,0,0,0,0,0,0,0,0,0,0
Yes,Landslide at Namobuddha Municipality-7,-,other,Landslide,2026-07-18,Bagmati,Kavrepalanchok,Namobuddha,7,0,0,0,0,0,0,0,0,0,0,0,0,0,0,0,0,0,0,0,0,0,0
Yes,Landslide at Phaktanglung Rural Municipality-3,-,other,Landslide,2026-07-18,Koshi,Taplejung,Phaktanglung,3,0,0,0,0,0,0,0,0,0,0,0,0,0,0,0,0,0,0,0,0,0,0
Yes,"Landslide at Jurbang Khoal , Rolpa Municipality-10",-,other,Landslide,2026-07-18,Lumbini,Rolpa,Rolpa,10,0,0,0,0,0,0,0,0,0,0,0,0,0,0,0,0,0,0,0,0,0,0
Yes,Landslide at Gokulganga Rural Municipality-6,-,other,Landslide,2026-07-18,Bagmati,Ramechhap,Gokulganga,6,0,0,0,0,0,0,0,0,0,0,0,0,0,0,0,0,0,0,0,0,0,0
Yes,"Landslide at Gumchet , Gosaikunda Rural Municipality-4",-,other,Landslide,2026-07-18,Bagmati,Rasuwa,Gosaikunda,4,0,0,0,0,0,0,0,0,0,0,0,0,0,0,0,0,0,0,0,0,0,0
Yes,"Landslide at Harning , Rolpa Municipality-10",-,other,Landslide,2026-07-18,Lumbini,Rolpa,Rolpa,10,0,0,0,0,0,0,0,0,0,0,0,0,0,0,0,0,0,0,0,0,0,0
Yes,"Landslide at Nayabasti  , Rolpa Municipality-4",-,other,Landslide,2026-07-18,Lumbini,Rolpa,Rolpa,4,0,0,0,0,0,0,0,0,0,0,0,0,0,0,0,0,0,0,0,0,0,0
Yes,"Landslide at Nikobhumi , Bigu Rural Municipality-1",-,other,Landslide,2026-07-18,Bagmati,Dolakha,Bigu,1,0,0,0,0,0,0,0,0,0,0,0,0,0,0,0,0,0,0,0,0,0,0
Yes,"Landslide at Dhungrekhola , Panini Rural Municipality-2",-,other,Landslide,2026-07-18,Lumbini,Arghakhanchi,Panini,2,0,0,0,0,0,0,0,0,0,0,0,0,0,0,0,0,0,0,0,0,0,0
Yes,"Landslide at Korkatte , Alital Rural Municipality-3",-,other,Landslide,2026-07-18,Sudurpashchim,Dadeldhura,Alital,3,0,0,0,0,0,0,0,0,0,0,0,0,0,0,0,0,0,0,0,0,0,0
Yes,"Landslide at Khokse Khola , Phaktanglung Rural Municipality-6",-,other,Landslide,2026-07-18,Koshi,Taplejung,Phaktanglung,6,0,0,0,0,0,0,0,0,0,0,0,0,0,0,0,0,0,0,0,0,0,0
Yes,Landslide at Diktel Rupakot Majhuwagadhi Municipality-6,-,other,Landslide,2026-07-18,Koshi,Khotang,Diktel Rupakot Majhuwagadhi,6,0,0,0,0,0,0,0,0,0,0,0,0,0,0,0,0,0,0,0,0,0,0
Yes,Landslide at Suryagadhi Rural Municipality-4,-,other,Landslide,2026-07-18,Bagmati,Nuwakot,Suryagadhi,4,0,0,0,0,0,0,0,0,0,0,0,0,0,0,0,0,0,0,0,0,0,0
Yes,"Landslide at Panebaj , Apihimal Rural Municipality-6",-,other,Landslide,2026-07-18,Sudurpashchim,Darchula,Apihimal,6,0,0,0,0,0,0,0,0,0,0,0,0,0,0,0,0,0,0,0,0,0,0
Yes,"Landslide at Hardeni , Katari Municipality-11",-,other,Landslide,2026-07-18,Koshi,Udayapur,Katari,11,0,0,0,0,0,0,0,0,0,0,0,0,0,0,0,0,0,0,0,0,0,0
Yes,"Landslide at Mayakharka , Rolpa Municipality-10",-,other,Landslide,2026-07-18,Lumbini,Rolpa,Rolpa,10,0,0,0,1,1,0,0,0,0,0,0,0,0,0,0,0,0,0,0,0,0,0
Yes,"Landslide at Timrangkhani , Benighat Rorang Rural Municipality-10",-,other,Landslide,2026-07-18,Bagmati,Dhading,Benighat Rorang,10,0,0,0,0,0,0,0,0,0,0,0,0,0,0,0,0,0,0,0,0,0,0
Yes,Landslide at Phidim Municipality-11,-,other,Landslide,2026-07-18,Koshi,Panchthar,Phidim,11,200000,0,0,0,0,0,0,0,0,0,0,0,0,0,0,0,0,0,0,0,0,0
Yes,Landslide at Molung Rural Municipality-5,-,other,Landslide,2026-07-18,Koshi,Okhaldhunga,Molung,5,0,0,0,0,0,0,0,0,0,0,0,0,0,0,0,0,0,0,0,0,0,0
Yes,"Landslide at Gogane , Suryagadhi Rural Municipality-4",-,other,Landslide,2026-07-18,Bagmati,Nuwakot,Suryagadhi,4,0,0,0,0,0,1,0,0,0,0,0,0,0,0,0,0,0,0,0,0,0,0
Yes,Landslide at Khandbari Municipality-7,-,other,Landslide,2026-07-18,Koshi,Sankhuwasabha,Khandbari,7,0,0,0,0,0,0,0,0,0,0,0,0,0,0,0,0,0,0,0,0,0,0
Yes,"Landslide at Gharmidanda , Pokhara Metropolitan City-19",-,other,Landslide,2026-07-18,Gandaki,Kaski,Pokhara,19,0,0,0,0,0,1,0,0,0,0,0,0,0,0,0,0,0,0,0,0,0,0
Yes,Landslide at Surnaya Rural Municipality-5,-,other,Landslide,2026-07-18,Sudurpashchim,Baitadi,Surnaya,5,0,0,0,1,1,0,0,0,0,0,0,0,0,0,0,0,0,0,0,0,0,0
Yes,Landslide at Surnaya Rural Municipality-5,-,other,Landslide,2026-07-18,Sudurpashchim,Baitadi,Surnaya,5,0,0,0,0,0,1,0,0,0,0,0,0,0,0,0,0,0,0,0,0,0,0
Yes,"Landslide at Lalibakhu , Gokulganga Rural Municipality-4",-,other,Landslide,2026-07-18,Bagmati,Ramechhap,Gokulganga,4,0,0,0,0,0,0,1,0,0,0,0,0,0,0,0,0,0,0,0,0,0,0
Yes,"Landslide at Khatri Gaau , Khandbari Municipality-7",-,other,Landslide,2026-07-18,Koshi,Sankhuwasabha,Khandbari,7,0,0,0,0,0,0,0,0,0,0,0,0,0,0,0,0,0,0,0,0,0,0
Yes,Landslide at Chainpur Municipality-2,-,other,Landslide,2026-07-18,Koshi,Sankhuwasabha,Chainpur,2,0,0,0,0,0,0,0,0,0,0,0,0,0,0,0,0,0,0,0,0,0,0
Yes,Landslide at Suryagadhi Rural Municipality-4,-,other,Landslide,2026-07-18,Bagmati,Nuwakot,Suryagadhi,4,0,0,0,0,0,0,0,0,0,0,0,0,0,0,0,0,0,0,0,0,0,0
Yes,Landslide at Khumbu Pasanglhamu Rural Municipality-3,-,other,Landslide,2026-07-18,Koshi,Solukhumbu,Khumbu Pasanglhamu,3,0,0,0,0,0,0,0,0,0,0,0,0,0,0,0,0,0,0,0,0,0,0
Yes,Landslide at Khandbari Municipality-7,-,other,Landslide,2026-07-18,Koshi,Sankhuwasabha,Khandbari,7,0,0,0,0,0,0,0,0,0,0,0,0,0,0,0,0,0,0,0,0,0,0
Yes,"Landslide at Thulokhola , Suryagadhi Rural Municipality-4",-,other,Landslide,2026-07-17,Bagmati,Nuwakot,Suryagadhi,4,0,0,0,0,0,0,0,0,0,0,0,0,0,0,0,0,0,0,0,0,0,0
Yes,"Landslide at Kholawang, Rolpa Municipality-10",-,other,Landslide,2026-07-17,Lumbini,Rolpa,Rolpa,10,0,0,0,0,0,0,0,0,0,0,0,0,0,0,0,0,0,0,0,0,0,0
Yes,"Landslide at Sirbari , Paribartan Rural Municipality-4",-,other,Landslide,2026-07-17,Lumbini,Rolpa,Paribartan,4,0,0,0,0,0,0,0,1,1,0,0,0,0,0,0,0,0,0,0,0,0,0
Yes,"Landslide at Tallaphat , Resunga Municipality-14",-,other,Landslide,2026-07-17,Lumbini,Gulmi,Resunga,14,0,0,0,0,0,0,0,0,0,0,0,0,0,0,0,0,0,0,0,0,0,0
Yes,"Landslide at Deurali Danda , Suryagadhi Rural Municipality-4",-,other,Landslide,2026-07-17,Bagmati,Nuwakot,Suryagadhi,4,0,0,0,0,0,0,0,0,0,0,0,0,0,0,0,0,0,0,0,0,0,0
Yes,"Landslide at Sukidaha , Tribeni Rural Municipality-3",-,other,Landslide,2026-07-17,Lumbini,Rolpa,Tribeni,3,0,0,0,0,0,0,0,0,0,0,0,0,0,0,0,0,0,0,0,0,0,0
Yes,"Landslide at Kholawang, Rolpa Municipality-10",-,other,Landslide,2026-07-17,Lumbini,Rolpa,Rolpa,10,0,0,0,0,0,0,0,0,0,0,0,0,0,0,0,0,0,0,0,0,0,0
Yes,"Landslide at Shreechaur , Marsyangdi Rural Municipality-4",-,other,Landslide,2026-07-17,Gandaki,Lamjung,Marsyangdi,4,0,0,0,0,0,0,0,0,0,0,0,0,0,0,0,0,0,0,0,0,0,0
Yes,"Landslide at Khalte , Gosaikunda Rural Municipality-4",-,other,Landslide,2026-07-17,Bagmati,Rasuwa,Gosaikunda,4,0,0,0,0,0,0,0,0,0,0,0,0,0,0,0,0,0,0,0,0,0,0
Yes,"Landslide at Gumchet , Gosaikunda Rural Municipality-4",-,nepal_police,Landslide,2026-07-17,Bagmati,Rasuwa,Gosaikunda,4,0,0,0,0,0,0,0,0,0,0,0,0,0,0,0,0,0,0,0,0,0,0
Yes,"Landslide at Taaldanda , Narpa Bhoomi Rural Municipality-3",-,other,Landslide,2026-07-17,Gandaki,Manang,Narpa Bhoomi,3,0,0,0,0,0,0,0,0,0,0,0,0,0,0,0,0,0,0,0,0,0,0
Yes,Landslide at Tripurasundari Municipality-5,-,other,Landslide,2026-07-17,Karnali,Dolpa,Tripurasundari,5,0,0,0,0,0,0,0,0,0,0,0,0,0,0,0,0,0,0,0,0,0,0
Yes,"Landslide at Bhirkuna , Meringden Rural Municipality-5",-,other,Landslide,2026-07-17,Koshi,Taplejung,Meringden,5,0,0,0,0,0,0,0,0,0,0,0,0,0,0,0,0,0,0,0,0,0,0
Yes,Landslide at Gosaikunda Rural Municipality-6,-,other,Landslide,2026-07-17,Bagmati,Rasuwa,Gosaikunda,6,0,0,0,0,0,0,0,0,0,0,0,0,0,0,0,0,0,0,0,0,0,0
Yes,"Landslide at Sakhine , Bigu Rural Municipality-1",-,other,Landslide,2026-07-17,Bagmati,Dolakha,Bigu,1,0,0,0,0,0,0,0,0,0,0,0,0,0,0,0,0,0,0,0,0,0,0
Yes,"Landslide at Bhalukhola , Konjyosom Rural Municipality-4",-,other,Landslide,2026-07-17,Bagmati,Lalitpur,Konjyosom,4,0,0,0,0,0,0,0,0,0,0,0,0,0,0,0,0,0,0,0,0,0,0
Yes,"Landslide at Harning, Rolpa Municipality-10",-,other,Landslide,2026-07-17,Lumbini,Rolpa,Rolpa,10,0,0,0,0,0,0,0,0,0,0,0,0,0,0,0,0,0,0,0,0,0,0
Yes,Landslide at Tarakeshwor Municipality-7,-,other,Landslide,2026-07-17,Bagmati,Kathmandu,Tarakeshwor,7,0,0,0,0,0,0,0,0,0,0,0,0,0,0,0,0,0,0,0,0,0,0
Yes,"Landslide at Jharlang , Netrawati Dabjong Rural Municipality-1",-,other,Landslide,2026-07-17,Bagmati,Dhading,Netrawati Dabjong,1,0,0,0,0,0,0,0,0,0,0,0,0,0,0,0,0,0,0,0,0,0,0
Yes,"Landslide at Kuri , Bigu Rural Municipality-1",-,other,Landslide,2026-07-17,Bagmati,Dolakha,Bigu,1,0,0,0,0,0,0,0,0,0,0,0,0,0,0,0,0,0,0,0,0,0,0
Yes,Landslide at Phidim Municipality-11,-,other,Landslide,2026-07-17,Koshi,Panchthar,Phidim,11,0,0,0,0,0,0,0,0,0,0,0,0,0,0,0,0,0,0,0,0,0,0
Yes,"Landslide at Pandrung , Barpak Sulikot Rural Municipality-8",-,other,Landslide,2026-07-16,Gandaki,Gorkha,Barpak Sulikot,8,0,0,0,0,0,0,0,0,0,0,0,0,0,0,0,0,0,0,0,0,0,0
Yes,"Landslide at Bahane Syaulibang , Pyuthan Municipality-7",-,other,Landslide,2026-07-16,Lumbini,Pyuthan,Pyuthan,7,0,0,0,0,0,0,0,0,0,0,0,0,0,0,0,0,0,0,0,0,0,0
Yes,Landslide at Phaktanglung Rural Municipality-6,-,other,Landslide,2026-07-16,Koshi,Taplejung,Phaktanglung,6,0,0,0,0,0,0,0,0,0,0,0,0,0,0,0,0,0,0,0,0,0,0
Yes,"Landslide at Kodari , Jugal Rural Municipality-2",-,other,Landslide,2026-07-16,Bagmati,Sindhupalchok,Jugal,2,0,0,0,0,0,0,0,0,0,0,0,0,0,0,0,0,0,0,0,0,0,0
Yes,"Landslide at Pahire Khola , Molung Rural Municipality-1",-,other,Landslide,2026-07-16,Koshi,Okhaldhunga,Molung,1,0,0,0,0,0,0,0,0,0,0,0,0,0,0,0,0,0,0,0,0,0,0
Yes,"Landslide at Belbagar , Dhorpatan Municipality-4",-,other,Landslide,2026-07-16,Gandaki,Baglung,Dhorpatan,4,0,0,0,0,0,0,0,0,0,0,0,0,0,0,0,0,0,0,0,0,0,0
Yes,"Landslide at Gagane Khola , Pachaljharana Rural Municipality-3",-,other,Landslide,2026-07-16,Karnali,Kalikot,Pachaljharana,3,0,0,0,0,0,0,0,0,0,0,0,0,0,0,0,0,0,0,0,0,0,0
Yes,"Landslide at Mewang , Rolpa Municipality-10",-,other,Landslide,2026-07-16,Lumbini,Rolpa,Rolpa,10,0,0,0,0,0,0,0,0,0,0,0,0,0,0,0,0,0,0,0,0,0,0
Yes,Landslide at Rolpa Municipality-10,-,other,Landslide,2026-07-16,Lumbini,Rolpa,Rolpa,10,0,0,0,0,0,0,0,0,0,0,0,0,0,0,0,0,0,0,0,0,0,0
Yes,Landslide at Dharmadevi Municipality-5,-,other,Landslide,2026-07-16,Koshi,Sankhuwasabha,Dharmadevi,5,0,0,0,0,0,0,0,0,0,0,0,0,0,0,0,0,0,0,0,0,0,0
Yes,"Landslide at Hardeni , Katari Municipality-11",-,other,Landslide,2026-07-16,Koshi,Udayapur,Katari,11,0,0,0,0,0,0,0,0,0,0,0,0,0,0,0,0,0,0,0,0,0,0
Yes,"Landslide at Liding , Dharche Rural Municipality-5",-,other,Landslide,2026-07-16,Gandaki,Gorkha,Dharche,5,0,0,0,0,0,0,0,0,0,0,0,0,0,0,0,0,0,0,0,0,0,0
Yes,"Landslide at Ghumaune Bhir , Raghuganga Rural Municipality-8",-,other,Landslide,2026-07-16,Gandaki,Myagdi,Raghuganga,8,0,0,0,0,0,0,0,0,0,0,0,0,0,0,0,0,0,0,0,0,0,0
Yes,"Landslide at Mathillo Arkhala , Hupsekot Rural Municipality-4",-,other,Landslide,2026-07-16,Gandaki,Nawalparasi East,Hupsekot,4,0,0,0,0,0,0,0,0,0,0,0,0,0,0,0,0,0,0,0,0,0,0
Yes,Landslide at Siddhicharan Municipality-12,-,other,Landslide,2026-07-16,Koshi,Okhaldhunga,Siddhicharan,12,0,0,0,0,0,0,0,0,0,0,0,0,0,0,0,0,0,0,0,0,0,0
Yes,"Landslide at Chaile , Lo Ghekar Damodarkunda Rural Municipality-5",-,other,Landslide,2026-07-16,Gandaki,Mustang,Lo Ghekar Damodarkunda,5,0,0,0,0,0,0,0,0,0,0,0,0,0,0,0,0,0,0,0,0,0,0
Yes,Landslide at Kushe Rural Municipality-7,-,other,Landslide,2026-07-16,Karnali,Jajarkot,Kushe,7,0,0,0,1,1,0,0,0,0,0,0,0,0,0,0,0,0,0,0,0,0,0
Yes,"Landslide at Khokse Khola , Phaktanglung Rural Municipality-6",-,other,Landslide,2026-07-16,Koshi,Taplejung,Phaktanglung,6,0,0,0,0,0,0,0,0,0,0,0,0,0,0,0,0,0,0,0,0,0,0
Yes,"Landslide at Chyasingdol , Kageshwori Manahora Municipality-9",-,other,Landslide,2026-07-16,Bagmati,Kathmandu,Kageshwori Manahora,9,0,0,0,0,0,0,0,0,0,0,0,0,0,0,0,0,0,2,2,0,0,0
Yes,"Landslide at Dandakharka , Molung Rural Municipality-1",-,other,Landslide,2026-07-16,Koshi,Okhaldhunga,Molung,1,0,0,0,0,0,0,0,0,0,0,0,0,0,0,0,0,0,0,0,0,0,0
Yes,"Landslide at Phasebung , Phidim Municipality-11",-,other,Landslide,2026-07-16,Koshi,Panchthar,Phidim,11,0,0,0,0,0,0,0,0,0,0,0,0,0,0,0,0,0,0,0,0,0,0
Yes,"Landslide at Phasebung , Phidim Municipality-11",-,other,Landslide,2026-07-16,Koshi,Panchthar,Phidim,11,0,0,0,0,0,0,0,0,0,0,0,0,0,0,0,0,0,0,0,0,0,0
Yes,"Landslide at Mawang , Sunchhahari Rural Municipality-5",-,other,Landslide,2026-07-16,Lumbini,Rolpa,Sunchhahari,5,0,0,0,0,0,0,0,0,0,0,0,0,0,0,0,0,0,0,0,0,0,0
Yes,"Landslide at Dawal , Dhorpatan Municipality-9",-,other,Landslide,2026-07-16,Gandaki,Baglung,Dhorpatan,9,0,0,0,0,0,1,0,0,0,0,0,0,0,0,0,0,0,0,0,0,0,0
Yes,Landslide at Sotang Rural Municipality-5,-,other,Landslide,2026-07-16,Koshi,Solukhumbu,Sotang,5,0,0,0,0,0,0,0,0,0,0,0,0,0,0,0,0,0,0,0,0,0,0
Yes,"Landslide at Banpale , Bhirkot Municipality-8",-,other,Landslide,2026-07-15,Gandaki,Syangja,Bhirkot,8,0,0,0,0,0,0,1,1,1,0,0,0,0,0,0,0,0,0,0,0,0,0
Yes,"Landslide at Mahabhir , Annapurna Rural Municipality-7",-,nepal_police,Landslide,2026-07-15,Gandaki,Myagdi,Annapurna,7,0,0,0,0,0,0,0,0,0,0,0,0,0,0,0,0,0,0,0,0,0,0
Yes,Landslide at Barah Municipality-1,-,nepal_police,Landslide,2026-07-15,Koshi,Sunsari,Barah,1,0,0,0,0,0,0,0,0,0,0,0,0,0,0,0,0,0,0,0,0,0,0
Yes,"Landslide at Sarkuri , Resunga Municipality-14",-,nepal_police,Landslide,2026-07-15,Lumbini,Gulmi,Resunga,14,0,0,0,0,0,0,0,0,0,0,0,0,0,0,0,0,0,0,0,0,0,0
Yes,Landslide at Falelung Rural Municipality-8,-,other,Landslide,2026-07-15,Koshi,Panchthar,Falelung,8,0,0,0,0,0,0,0,0,0,0,0,0,0,0,0,0,0,0,0,0,0,0
Yes,Landslide at Phaktanglung Rural Municipality-6,-,other,Landslide,2026-07-15,Koshi,Taplejung,Phaktanglung,6,0,0,0,0,0,0,0,0,0,0,0,0,0,0,0,0,0,0,0,0,0,0
Yes,"Landslide at Pandrung , Dharche Rural Municipality-5",-,other,Landslide,2026-07-15,Gandaki,Gorkha,Dharche,5,0,0,0,0,0,0,0,0,0,0,0,0,0,0,0,0,0,0,0,0,0,0
Yes,Landslide at Gokulganga Rural Municipality-4,-,other,Landslide,2026-07-15,Bagmati,Ramechhap,Gokulganga,4,0,0,0,0,0,1,0,0,0,0,0,0,0,0,0,0,0,0,0,0,0,0
Yes,"Landslide at Ghattepakha , Bakaiya Rural Municipality-11",-,other,Landslide,2026-07-15,Bagmati,Makwanpur,Bakaiya,11,0,0,0,0,0,0,0,0,0,0,0,0,0,0,0,0,0,0,0,0,0,0
Yes,"Landslide at Pankhu Khola , Halesi Tuwachung Municipality-11",-,other,Landslide,2026-07-15,Koshi,Khotang,Halesi Tuwachung,11,0,0,0,0,0,0,0,0,0,0,0,0,0,0,0,0,0,0,0,0,0,0
Yes,Landslide at Suryagadhi Rural Municipality-4,-,other,Landslide,2026-07-15,Bagmati,Nuwakot,Suryagadhi,4,0,0,0,0,0,0,0,0,0,0,0,0,0,0,0,0,0,0,0,0,0,0
Yes,"Landslide at Kholme , Phaktanglung Rural Municipality-6",-,other,Landslide,2026-07-15,Koshi,Taplejung,Phaktanglung,6,0,0,0,0,0,0,0,0,0,0,0,0,0,0,0,0,0,0,0,0,0,0
Yes,"Landslide at Triveni , Rolpa Municipality-10",-,other,Landslide,2026-07-15,Lumbini,Rolpa,Rolpa,10,0,0,0,0,0,0,0,0,0,0,0,0,0,0,0,0,0,0,0,0,0,0
Yes,"Landslide at Wasing , Benighat Rorang Rural Municipality-10",-,other,Landslide,2026-07-15,Bagmati,Dhading,Benighat Rorang,10,0,0,0,0,0,0,0,0,0,0,0,0,0,0,0,0,0,0,0,0,0,0
Yes,"Landslide at Kholawang , Rolpa Municipality-10",-,other,Landslide,2026-07-15,Lumbini,Rolpa,Rolpa,10,0,0,0,0,0,0,0,0,0,0,0,0,0,0,0,0,0,0,0,0,0,0
Yes,Landslide at Kushe Rural Municipality-7,-,other,Landslide,2026-07-15,Karnali,Jajarkot,Kushe,7,0,0,0,0,0,0,0,0,0,0,0,0,0,0,0,0,0,0,0,0,0,0
Yes,Landslide at Pokhara Metropolitan City-13,-,other,Landslide,2026-07-15,Gandaki,Kaski,Pokhara,13,0,0,0,0,0,0,0,0,0,0,0,0,0,0,0,0,0,2,1,1,0,0
Yes,"Landslide at Jawangkhola , Benighat Rorang Rural Municipality-10",-,other,Landslide,2026-07-14,Bagmati,Dhading,Benighat Rorang,10,0,0,0,0,0,0,0,0,0,0,0,0,0,0,0,0,0,0,0,0,0,0
Yes,Landslide at Gaumul Rural Municipality-1,-,other,Landslide,2026-07-14,Sudurpashchim,Bajura,Gaumul,1,0,0,0,0,0,0,0,0,0,0,0,0,0,0,0,0,0,0,0,0,0,0
Yes,Landslide at Bhotekoshi Rural Municipality-4,-,other,Landslide,2026-07-14,Bagmati,Sindhupalchok,Bhotekoshi,4,0,0,0,0,0,0,0,0,0,0,0,0,0,0,0,0,0,0,0,0,0,0
Yes,Landslide at Bhumikasthan Municipality-7,-,other,Landslide,2026-07-14,Lumbini,Arghakhanchi,Bhumikasthan,7,0,0,0,0,0,0,0,0,0,0,0,0,0,0,0,0,0,0,0,0,0,0
Yes,"Landslide at Jawangkhola , Benighat Rorang Rural Municipality-10",-,other,Landslide,2026-07-14,Bagmati,Dhading,Benighat Rorang,10,0,0,0,0,0,0,0,0,0,0,0,0,0,0,0,0,0,0,0,0,0,0
Yes,Landslide at Barah Municipality-1,-,other,Landslide,2026-07-14,Koshi,Sunsari,Barah,1,0,0,0,0,0,0,0,0,0,0,0,0,0,0,0,0,0,0,0,0,0,0
Yes,"Landslide at Khistimbe , Mikwakhola Rural Municipality-5",-,other,Landslide,2026-07-14,Koshi,Taplejung,Mikwakhola,5,0,0,0,0,0,0,0,0,0,0,0,0,0,0,0,0,0,0,0,0,0,0
Yes,Landslide at Phaktanglung Rural Municipality-6,-,other,Landslide,2026-07-14,Koshi,Taplejung,Phaktanglung,6,0,0,0,0,0,0,0,0,0,0,0,0,0,0,0,0,0,0,0,0,0,0
Yes,"Landslide at Belbagar, Dhorpatan Municipality-4",-,other,Landslide,2026-07-14,Gandaki,Baglung,Dhorpatan,4,0,0,0,0,0,0,0,0,0,0,0,0,0,0,0,0,0,0,0,0,0,0
Yes,"Landslide at Chitrapur , Bhaktapur Municipality-9",-,other,Landslide,2026-07-14,Bagmati,Bhaktapur,Bhaktapur,9,0,0,0,0,0,0,0,0,0,0,0,0,0,0,0,0,0,0,0,0,0,0
Yes,"Landslide at Malagad, Tribeni Municipality-8",-,other,Landslide,2026-07-14,Sudurpashchim,Bajura,Tribeni,8,0,0,0,0,0,0,0,0,0,0,0,0,0,0,0,0,0,0,0,0,0,0
Yes,Landslide at Gaumul Rural Municipality-1,-,other,Landslide,2026-07-14,Sudurpashchim,Bajura,Gaumul,1,0,0,0,0,0,0,0,0,0,0,0,0,0,0,0,0,0,0,0,0,0,0
Yes,Landslide at Raghuganga Rural Municipality-8,-,other,Landslide,2026-07-13,Gandaki,Myagdi,Raghuganga,8,0,0,0,0,0,0,0,0,0,0,0,0,0,0,0,0,0,0,0,0,0,0
Yes,"Landslide at Harre , Barahtal Rural Municipality-8",-,other,Landslide,2026-07-13,Karnali,Surkhet,Barahtal,8,0,0,0,0,0,0,0,0,0,0,0,0,0,0,0,0,0,0,0,0,0,0
Yes,"Landslide at Padule , Bheriganga Municipality-12",-,other,Landslide,2026-07-13,Karnali,Surkhet,Bheriganga,12,0,0,0,0,0,0,0,0,0,0,0,0,0,0,0,0,0,0,0,0,0,0
Yes,"Landslide at Nainibigar , Raghuganga Rural Municipality-8",-,other,Landslide,2026-07-13,Gandaki,Myagdi,Raghuganga,8,0,0,0,0,0,0,0,0,0,0,0,0,0,0,0,0,0,0,0,0,0,0
Yes,"Landslide at Sumrekhola , Putalibazar Municipality-14",-,other,Landslide,2026-07-13,Gandaki,Syangja,Putalibazar,14,0,0,0,0,0,0,0,0,0,0,0,0,0,0,0,0,0,0,0,0,0,0
Yes,"Landslide at Lakuri , Pokhara Metropolitan City-31",-,other,Landslide,2026-07-13,Gandaki,Kaski,Pokhara,31,0,0,0,0,0,0,0,0,0,0,0,0,0,0,0,0,0,0,0,0,0,0
Yes,"Landslide at Dobhan , Dharche Rural Municipality-5",-,other,Landslide,2026-07-13,Gandaki,Gorkha,Dharche,5,0,0,0,0,0,0,0,0,0,0,0,0,0,0,0,0,0,0,0,0,0,0
Yes,Landslide at Machhapuchchhre Rural Municipality-2,-,other,Landslide,2026-07-13,Gandaki,Kaski,Machhapuchchhre,2,0,0,0,0,0,1,0,0,0,0,0,0,0,0,0,0,0,0,0,0,0,0
Yes,Landslide at Phaktanglung Rural Municipality-6,-,other,Landslide,2026-07-13,Koshi,Taplejung,Phaktanglung,6,0,0,0,0,0,0,0,0,0,0,0,0,0,0,0,0,0,0,0,0,0,0
Yes,"Landslide at Dopahare , Pokhara Metropolitan City-21",-,other,Landslide,2026-07-13,Gandaki,Kaski,Pokhara,21,0,0,0,0,0,0,0,0,0,0,0,0,0,0,0,0,0,0,0,0,0,0
Yes,Landslide at Putalibazar Municipality-12,-,other,Landslide,2026-07-13,Gandaki,Syangja,Putalibazar,12,0,0,0,0,0,0,3,0,0,0,0,0,0,0,0,0,0,0,0,0,0,0
Yes,"Landslide at Inarpaani, Dhorpatan Municipality-4",-,other,Landslide,2026-07-13,Gandaki,Baglung,Dhorpatan,4,0,0,0,0,0,0,0,0,0,0,0,0,0,0,0,0,0,0,0,0,0,0
Yes,Landslide at Pokhara Metropolitan City-23,-,other,Landslide,2026-07-13,Gandaki,Kaski,Pokhara,23,0,0,0,0,0,0,0,0,0,0,0,0,0,0,0,0,0,0,0,0,0,0
Yes,Landslide at Phidim Municipality-11,-,other,Landslide,2026-07-13,Koshi,Panchthar,Phidim,11,0,0,0,0,0,0,0,0,0,0,0,0,0,0,0,0,0,0,0,0,0,0
Yes,"Landslide at Bayatari Sirsikot , Waling Municipality-12",-,other,Landslide,2026-07-13,Gandaki,Syangja,Waling,12,0,0,0,0,0,0,0,0,0,0,0,0,0,0,0,0,0,0,0,0,0,0
Yes,"Landslide at Aaladuna , Mugum Karmarong Rural Municipality-7",-,other,Landslide,2026-07-13,Karnali,Mugu,Mugum Karmarong,7,0,0,0,0,0,0,0,0,0,0,0,0,0,0,0,0,0,0,0,0,0,0
Yes,Landslide at Pachaljharana Rural Municipality-3,-,other,Landslide,2026-07-13,Karnali,Kalikot,Pachaljharana,3,0,0,0,0,0,0,0,0,0,0,0,0,0,0,0,0,0,0,0,0,0,0
Yes,"Landslide at Lablidanda , Bhirkot Municipality-8",-,other,Landslide,2026-07-13,Gandaki,Syangja,Bhirkot,8,0,0,0,0,0,0,0,0,0,0,0,0,0,0,0,0,0,0,0,0,0,0
Yes,"Landslide at Dumribhanjyang , Waling Municipality-14",-,other,Landslide,2026-07-13,Gandaki,Syangja,Waling,14,0,0,0,0,0,0,0,0,0,0,0,0,0,0,0,0,0,0,0,0,0,0
Yes,Landslide at Inaruwa Municipality-8,-,other,Landslide,2026-07-13,Koshi,Sunsari,Inaruwa,8,0,0,0,0,0,0,0,0,0,0,0,0,0,0,0,0,0,0,0,0,0,0
Yes,"Landslide at Hardeni , Katari Municipality-11",-,other,Landslide,2026-07-13,Koshi,Udayapur,Katari,11,0,0,0,0,0,0,0,0,0,0,0,0,0,0,0,0,0,0,0,0,0,0
Yes,"Landslide at Dharapani , Shuklagandaki Municipality-7",-,other,Landslide,2026-07-13,Gandaki,Tanahu,Shuklagandaki,7,0,0,0,0,0,0,0,0,0,0,0,0,0,0,0,0,0,0,0,0,0,0
Yes,Landslide at Nalgaad Municipality-8,-,other,Landslide,2026-07-13,Karnali,Jajarkot,Nalgaad,8,0,0,0,0,0,0,0,0,0,0,0,0,0,0,0,0,0,0,0,0,0,0
Yes,"Landslide at Aangepa , Sidingba Rural Municipality-3",-,other,Landslide,2026-07-13,Koshi,Taplejung,Sidingba,3,0,0,0,0,0,0,0,0,0,0,0,0,0,0,0,0,0,0,0,0,0,0
Yes,"Landslide at Ghasikuwa , Vyas Municipality-12",-,other,Landslide,2026-07-13,Gandaki,Tanahu,Vyas,12,0,0,0,0,0,0,0,0,0,0,0,0,0,0,0,0,0,0,0,0,0,0
Yes,"Landslide at Kodari , Jugal Rural Municipality-2",-,other,Landslide,2026-07-13,Bagmati,Sindhupalchok,Jugal,2,0,0,0,0,0,0,0,0,0,0,0,0,0,0,0,0,0,0,0,0,0,0
Yes,"Landslide at Eco , Jugal Rural Municipality-2",-,other,Landslide,2026-07-13,Bagmati,Sindhupalchok,Jugal,2,0,0,0,0,0,0,0,0,0,0,0,0,0,0,0,0,0,0,0,0,0,0
Yes,Landslide at Aandhikhola Rural Municipality-3,-,other,Landslide,2026-07-13,Gandaki,Syangja,Aandhikhola,3,0,0,0,0,0,0,0,0,0,0,0,0,0,0,0,0,0,0,0,0,0,0
Yes,"Landslide at Camp Pole , Bigu Rural Municipality-1",-,other,Landslide,2026-07-12,Bagmati,Dolakha,Bigu,1,0,0,0,0,0,0,0,1,0,0,1,0,0,0,0,0,0,1,0,1,0,0
Yes,Landslide at Bheriganga Municipality-9,-,other,Landslide,2026-07-12,Karnali,Surkhet,Bheriganga,9,0,0,0,1,1,0,0,0,0,0,0,0,0,0,0,0,0,3,0,0,3,0
Yes,"Landslide at Kaule , Resunga Municipality-14",-,other,Landslide,2026-07-12,Lumbini,Gulmi,Resunga,14,0,0,0,0,0,0,0,0,0,0,0,0,0,0,0,0,0,0,0,0,0,0
Yes,"Landslide at Kodari , Jugal Rural Municipality-2",-,other,Landslide,2026-07-12,Bagmati,Sindhupalchok,Jugal,2,0,0,0,0,0,0,0,0,0,0,0,0,0,0,0,0,0,0,0,0,0,0
Yes,"Landslide at Kaprikhola , Pachaljharana Rural Municipality-3",-,other,Landslide,2026-07-12,Karnali,Kalikot,Pachaljharana,3,0,0,0,0,0,0,0,1,1,0,0,0,0,0,0,0,0,0,0,0,0,0
Yes,Landslide at Makawanpurgadhi Rural Municipality-5,-,other,Landslide,2026-07-12,Bagmati,Makwanpur,Makawanpurgadhi,5,0,0,0,0,0,0,0,0,0,0,0,0,0,0,0,0,0,0,0,0,0,0
Yes,"Landslide at Mashring , Meringden Rural Municipality-5",-,other,Landslide,2026-07-12,Koshi,Taplejung,Meringden,5,0,0,0,0,0,0,0,0,0,0,0,0,0,0,0,0,0,0,0,0,0,0
Yes,Landslide at Phaktanglung Rural Municipality-6,-,other,Landslide,2026-07-12,Koshi,Taplejung,Phaktanglung,6,0,0,0,0,0,0,0,0,0,0,0,0,0,0,0,0,0,0,0,0,0,0
Yes,Landslide at Triyuga Municipality-15,-,other,Landslide,2026-07-12,Koshi,Udayapur,Triyuga,15,0,0,0,0,0,0,0,0,0,0,0,0,0,0,0,0,0,0,0,0,0,0
Yes,Landslide at Rampur Municipality-10,-,other,Landslide,2026-07-12,Lumbini,Palpa,Rampur,10,0,0,0,0,0,0,0,0,0,0,0,0,0,0,0,0,0,0,0,0,0,0
Yes,"Landslide at Belbagar , Dhorpatan Municipality-4",-,other,Landslide,2026-07-12,Gandaki,Baglung,Dhorpatan,4,0,0,0,0,0,0,0,0,0,0,0,0,0,0,0,0,0,0,0,0,0,0
Yes,"Landslide at Bhalu Khola , Konjyosom Rural Municipality-4",-,other,Landslide,2026-07-12,Bagmati,Lalitpur,Konjyosom,4,0,0,0,0,0,0,0,0,0,0,0,0,0,0,0,0,0,0,0,0,0,0
Yes,Landslide at Kushe Rural Municipality-7,-,other,Landslide,2026-07-12,Karnali,Jajarkot,Kushe,7,0,0,0,0,0,0,0,0,0,0,0,0,0,0,0,0,0,0,0,0,0,0
Yes,"Landslide at Bisauni , Simkot Rural Municipality-3",-,other,Landslide,2026-07-12,Karnali,Humla,Simkot,3,0,0,0,0,0,0,0,0,0,0,0,0,0,0,0,0,0,0,0,0,0,0
Yes,"Landslide at Gagane Khola , Pachaljharana Rural Municipality-3",-,other,Landslide,2026-07-12,Karnali,Kalikot,Pachaljharana,3,0,0,0,0,0,0,0,0,0,0,0,0,0,0,0,0,0,0,0,0,0,0
Yes,Landslide at Inaruwa Municipality-8,-,other,Landslide,2026-07-12,Koshi,Sunsari,Inaruwa,8,0,0,0,0,0,0,0,0,0,0,0,0,0,0,0,0,0,0,0,0,0,0
Yes,"Landslide at Bhattedanda , Konjyosom Rural Municipality-4",-,other,Landslide,2026-07-12,Bagmati,Lalitpur,Konjyosom,4,0,0,0,0,0,0,0,0,0,0,0,0,0,0,0,0,0,0,0,0,0,0
Yes,"Landslide at Dumribhanjyang , Waling Municipality-14",-,other,Landslide,2026-07-12,Gandaki,Syangja,Waling,14,0,0,0,0,0,0,0,0,0,0,0,0,0,0,0,0,0,0,0,0,0,0
Yes,Landslide at Lalitpur Metropolitan City-14,-,other,Landslide,2026-07-12,Bagmati,Lalitpur,Lalitpur,14,0,0,0,0,0,0,0,0,0,0,0,0,0,0,0,0,0,0,0,0,0,0
Yes,"Landslide at Tuinkhola , Bharatpur Metropolitan City-14",-,other,Landslide,2026-07-12,Bagmati,Chitwan,Bharatpur,14,0,0,0,0,0,0,0,0,0,0,0,0,0,0,0,0,0,0,0,0,0,0
Yes,Landslide at Resunga Municipality-14,-,other,Landslide,2026-07-12,Lumbini,Gulmi,Resunga,14,0,0,0,0,0,0,0,0,0,0,0,0,0,0,0,0,0,0,0,0,0,0
Yes,"Landslide at Kerabari , Bharatpur Metropolitan City-29",-,other,Landslide,2026-07-12,Bagmati,Chitwan,Bharatpur,29,0,0,0,0,0,0,0,0,0,0,0,0,0,0,0,0,0,0,0,0,0,0
Yes,"Landslide at Singrawa Aul , Shikhar Municipality-2",-,other,Landslide,2026-07-12,Sudurpashchim,Doti,Shikhar,2,0,0,0,0,0,0,0,0,0,0,0,0,0,0,0,0,0,0,0,0,0,0
Yes,"Landslide at Balakh, Changunarayan Municipality-4",-,other,Landslide,2026-07-12,Bagmati,Bhaktapur,Changunarayan,4,0,0,0,0,0,0,0,0,0,0,0,0,0,0,0,0,0,0,0,0,0,0
Yes,Landslide at Katari Municipality-14,-,other,Landslide,2026-07-12,Koshi,Udayapur,Katari,14,0,0,0,0,0,0,0,0,0,0,0,0,0,0,0,0,0,0,0,0,0,0
Yes,"Landslide at Bhadare Khola , Molung Rural Municipality-1",-,other,Landslide,2026-07-12,Koshi,Okhaldhunga,Molung,1,0,0,0,0,0,0,0,0,0,0,0,0,0,0,0,0,0,0,0,0,0,0
Yes,"Landslide at Jor Simmal , Halesi Tuwachung Municipality-11",-,other,Landslide,2026-07-12,Koshi,Khotang,Halesi Tuwachung,11,0,0,0,0,0,0,0,0,0,0,0,0,0,0,0,0,0,0,0,0,0,0
Yes,"Landslide at Bhaise , Madi Rural Municipality-4",-,other,Landslide,2026-07-12,Gandaki,Kaski,Madi,4,0,0,0,0,0,0,0,0,0,0,0,0,0,0,0,0,0,0,0,0,0,0
Yes,"Landslide at Sumnambesi , Kamalamai Municipality-5",-,other,Landslide,2026-07-12,Bagmati,Sindhuli,Kamalamai,5,0,0,0,0,0,0,0,0,0,0,0,0,0,0,0,0,0,0,0,0,0,0
Yes,"Landslide at Rumbabhir , Konjyosom Rural Municipality-4",-,other,Landslide,2026-07-12,Bagmati,Lalitpur,Konjyosom,4,0,0,0,1,1,0,0,0,0,0,0,0,0,0,0,0,0,0,0,0,0,0
Yes,"Landslide at Syauli Bazar , Bharatpur Metropolitan City-14",-,other,Landslide,2026-07-12,Bagmati,Chitwan,Bharatpur,14,0,0,0,0,0,0,0,0,0,0,0,0,0,0,0,0,0,0,0,0,0,0
Yes,"Landslide at Kholme , Phaktanglung Rural Municipality-6",-,other,Landslide,2026-07-12,Koshi,Taplejung,Phaktanglung,6,0,0,0,0,0,0,0,0,0,0,0,0,0,0,0,0,0,0,0,0,0,0
Yes,Landslide at Konjyosom Rural Municipality-4,-,other,Landslide,2026-07-12,Bagmati,Lalitpur,Konjyosom,4,0,0,0,0,0,0,0,0,0,0,0,0,0,0,0,0,0,0,0,0,0,0
Yes,"Landslide at Dalchoki , Konjyosom Rural Municipality-4",-,other,Landslide,2026-07-12,Bagmati,Lalitpur,Konjyosom,4,0,0,0,0,0,0,0,0,0,0,0,0,0,0,0,0,0,0,0,0,0,0
Yes,"Landslide at Sano Majhuwa , Bhojpur Municipality-11",-,other,Landslide,2026-07-12,Koshi,Bhojpur,Bhojpur,11,0,0,0,0,0,0,0,0,0,0,0,0,0,0,0,0,0,0,0,0,0,0
Yes,Landslide at Phidim Municipality-11,-,other,Landslide,2026-07-12,Koshi,Panchthar,Phidim,11,0,0,0,0,0,1,0,0,0,0,0,0,0,0,0,0,0,0,0,0,0,0
Yes,Landslide at Triyuga Municipality-16,-,other,Landslide,2026-07-12,Koshi,Udayapur,Triyuga,16,0,0,0,0,0,0,0,0,0,0,0,0,0,0,0,0,0,0,0,0,0,0
Yes,Landslide at Makalu Rural Municipality-5,-,other,Landslide,2026-07-12,Koshi,Sankhuwasabha,Makalu,5,0,0,0,0,0,0,0,0,0,0,0,0,0,0,0,0,0,0,0,0,0,0
Yes,"Landslide at Dehimandau , Surnaya Rural Municipality-5",-,other,Landslide,2026-07-11,Sudurpashchim,Baitadi,Surnaya,5,0,0,0,0,0,0,0,0,0,0,0,0,0,0,0,0,0,0,0,0,0,0
Yes,"Landslide at Gumchet, Gosaikunda Rural Municipality-4",-,other,Landslide,2026-07-11,Bagmati,Rasuwa,Gosaikunda,4,0,0,0,0,0,0,0,0,0,0,0,0,0,0,0,0,0,0,0,0,0,0
Yes,"Landslide at Jhyari Khola , Mugum Karmarong Rural Municipality-7",-,other,Landslide,2026-07-11,Karnali,Mugu,Mugum Karmarong,7,0,0,0,0,0,0,0,0,0,0,0,0,0,0,0,0,0,0,0,0,0,0
Yes,Landslide at Rolpa Municipality-10,-,other,Landslide,2026-07-11,Lumbini,Rolpa,Rolpa,10,0,0,0,0,0,0,0,0,0,0,0,0,0,0,0,0,0,0,0,0,0,0
Yes,"Landslide at Liping , Bhotekoshi Rural Municipality-2",-,other,Landslide,2026-07-11,Bagmati,Sindhupalchok,Bhotekoshi,2,0,0,0,0,0,0,0,0,0,0,0,0,0,0,0,0,0,0,0,0,0,0
Yes,"Landslide at Jholunge Bridge , Rautamai Rural Municipality-7",-,nepal_police,Landslide,2026-07-11,Koshi,Udayapur,Rautamai,7,0,0,0,0,0,0,0,0,0,0,0,0,0,0,0,0,0,0,0,0,0,0
Yes,Landslide at Rolpa Municipality-10,-,nepal_police,Landslide,2026-07-11,Lumbini,Rolpa,Rolpa,10,0,0,0,0,0,0,0,0,0,0,0,0,0,0,0,0,0,0,0,0,0,0
Yes,"Landslide at Ghattepakha , Bakaiya Rural Municipality-11",-,other,Landslide,2026-07-11,Bagmati,Makwanpur,Bakaiya,11,0,0,0,0,0,0,0,0,0,0,0,0,0,0,0,0,0,0,0,0,0,0
Yes,Landslide at Kushe Rural Municipality-7,-,other,Landslide,2026-07-11,Karnali,Jajarkot,Kushe,7,0,0,0,0,0,0,0,1,0,1,0,0,0,0,0,0,0,0,0,0,0,0
Yes,"Landslide at Headbox , Mathagadhi Rural Municipality-1",-,other,Landslide,2026-07-11,Lumbini,Palpa,Mathagadhi,1,0,0,0,0,0,0,0,0,0,0,0,0,0,0,0,0,0,0,0,0,0,0
Yes,Landslide at Kamalamai Municipality-5,-,other,Landslide,2026-07-11,Bagmati,Sindhuli,Kamalamai,5,0,0,0,0,0,0,0,0,0,0,0,0,0,0,0,0,0,1,1,0,0,0
Yes,"Landslide at Kholawang , Rolpa Municipality-10",-,other,Landslide,2026-07-11,Lumbini,Rolpa,Rolpa,10,0,0,0,0,0,0,0,0,0,0,0,0,0,0,0,0,0,0,0,0,0,0
Yes,"Landslide at Dhungrekhola , Bhumikasthan Municipality-7",-,other,Landslide,2026-07-11,Lumbini,Arghakhanchi,Bhumikasthan,7,0,0,0,0,0,0,0,0,0,0,0,0,0,0,0,0,0,0,0,0,0,0
Yes,Landslide at Surnaya Rural Municipality-5,-,other,Landslide,2026-07-11,Sudurpashchim,Baitadi,Surnaya,5,0,0,0,0,0,0,0,0,0,0,0,0,0,0,0,0,0,0,0,0,0,0
Yes,Landslide at Khatyad Rural Municipality-11,-,other,Landslide,2026-07-11,Karnali,Mugu,Khatyad,11,0,0,0,0,0,0,0,0,0,0,0,0,0,0,0,0,0,0,0,0,0,0
Yes,Landslide at Rolpa Municipality-10,-,other,Landslide,2026-07-11,Lumbini,Rolpa,Rolpa,10,0,0,0,1,1,0,0,0,0,0,0,0,0,0,0,0,0,0,0,0,0,0
Yes,"Landslide at Kharkhare Bhir , Marsyangdi Rural Municipality-7",-,other,Landslide,2026-07-11,Gandaki,Lamjung,Marsyangdi,7,0,0,0,0,0,0,0,0,0,0,0,0,0,0,0,0,0,0,0,0,0,0
Yes,Landslide at Phidim Municipality-11,-,other,Landslide,2026-07-11,Koshi,Panchthar,Phidim,11,0,0,0,0,0,0,0,0,0,0,0,0,0,0,0,0,0,0,0,0,0,0
Yes,"Landslide at Rakse , Resunga Municipality-14",-,other,Landslide,2026-07-11,Lumbini,Gulmi,Resunga,14,0,0,0,0,0,0,0,0,0,0,0,0,0,0,0,0,0,0,0,0,0,0
Yes,"Landslide at Chhalgad , Shey Phoksundo Rural Municipality-99",-,other,Landslide,2026-07-11,Karnali,Dolpa,Shey Phoksundo,99,0,0,0,0,0,0,0,0,0,0,0,0,0,0,0,0,0,0,0,0,0,0
Yes,"Landslide at Susla , Khumbu Pasanglhamu Rural Municipality-3",-,other,Landslide,2026-07-11,Koshi,Solukhumbu,Khumbu Pasanglhamu,3,200000,0,0,0,0,0,0,0,0,0,0,0,0,0,0,0,0,0,0,0,0,0
Yes,"Landslide at Thumki , Sangurigadhi Rural Municipality-6",-,other,Landslide,2026-07-11,Koshi,Dhankuta,Sangurigadhi,6,0,0,0,0,0,0,0,0,0,0,0,0,0,0,0,0,0,0,0,0,0,0
Yes,"Landslide at Sirma Gaau , Shikhar Municipality-2",-,other,Landslide,2026-07-11,Sudurpashchim,Doti,Shikhar,2,0,0,0,0,0,0,0,0,0,0,0,0,0,0,0,0,0,0,0,0,0,0
Yes,"Landslide at Kauradi , Shikhar Municipality-2",-,other,Landslide,2026-07-11,Sudurpashchim,Doti,Shikhar,2,0,0,0,0,0,0,0,0,0,0,0,0,0,0,0,0,0,0,0,0,0,0
Yes,Landslide at Khumbu Pasanglhamu Rural Municipality-3,-,other,Landslide,2026-07-11,Koshi,Solukhumbu,Khumbu Pasanglhamu,3,0,0,0,0,0,0,0,0,0,0,0,0,0,0,0,0,0,0,0,0,0,0
Yes,"Landslide at Gagane Khola , Pachaljharana Rural Municipality-3",-,other,Landslide,2026-07-10,Karnali,Kalikot,Pachaljharana,3,0,0,0,0,0,0,0,0,0,0,0,0,0,0,0,0,0,0,0,0,0,0
Yes,"Landslide at Bharyangdanda , Makawanpurgadhi Rural Municipality-5",-,other,Landslide,2026-07-10,Bagmati,Makwanpur,Makawanpurgadhi,5,0,0,0,0,0,0,0,0,0,0,0,0,0,0,0,0,0,0,0,0,0,0
Yes,"Landslide at Sawa , Phaktanglung Rural Municipality-6",-,other,Landslide,2026-07-10,Koshi,Taplejung,Phaktanglung,6,0,0,0,0,0,0,0,0,0,0,0,0,0,0,0,0,0,0,0,0,0,0
Yes,"Landslide at Thangthang , Bigu Rural Municipality-1",-,other,Landslide,2026-07-10,Bagmati,Dolakha,Bigu,1,0,0,0,0,0,0,0,0,0,0,0,0,0,0,0,0,0,0,0,0,0,0
Yes,"Landslide at Bhaisathekhola , Pachaljharana Rural Municipality-3",-,other,Landslide,2026-07-10,Karnali,Kalikot,Pachaljharana,3,0,0,0,0,0,0,0,0,0,0,0,0,0,0,0,0,0,0,0,0,0,0
Yes,"Landslide at Mudkhu , Kageshwori Manahora Municipality-9",-,other,Landslide,2026-07-10,Bagmati,Kathmandu,Kageshwori Manahora,9,0,0,0,0,0,0,0,0,0,0,0,0,0,0,0,0,0,0,0,0,0,0
Yes,Landslide at Apihimal Rural Municipality-6,-,other,Landslide,2026-07-10,Sudurpashchim,Darchula,Apihimal,6,0,0,0,0,0,0,0,0,0,0,0,0,0,0,0,0,0,1,1,0,0,0
Yes,"Landslide at Bharyangdanda , Bhimphedi Rural Municipality-8",-,other,Landslide,2026-07-10,Bagmati,Makwanpur,Bhimphedi,8,0,0,0,0,0,0,0,0,0,0,0,0,0,0,0,0,0,0,0,0,0,0
Yes,Landslide at Machhapuchchhre Rural Municipality-2,-,other,Landslide,2026-07-10,Gandaki,Kaski,Machhapuchchhre,2,0,0,0,0,0,0,0,0,0,0,0,0,0,0,0,0,0,0,0,0,0,0
Yes,"Landslide at Thulo Khola , Suryagadhi Rural Municipality-4",-,other,Landslide,2026-07-10,Bagmati,Nuwakot,Suryagadhi,4,0,0,0,0,0,0,0,0,0,0,0,0,0,0,0,0,0,0,0,0,0,0
Yes,Landslide at Suryagadhi Rural Municipality-4,-,nepal_police,Landslide,2026-07-10,Bagmati,Nuwakot,Suryagadhi,4,0,0,0,0,0,0,0,0,0,0,0,0,0,0,0,0,0,0,0,0,0,0
Yes,"Landslide at Dhungrekhola , Bhumikasthan Municipality-7",-,other,Landslide,2026-07-10,Lumbini,Arghakhanchi,Bhumikasthan,7,0,0,0,0,0,0,0,0,0,0,0,0,0,0,0,0,0,0,0,0,0,0
Yes,Landslide at Sotang Rural Municipality-4,-,other,Landslide,2026-07-10,Koshi,Solukhumbu,Sotang,4,0,0,0,0,0,0,0,0,0,0,0,0,0,0,0,0,0,0,0,0,0,0
Yes,Landslide at Sotang Rural Municipality-4,-,other,Landslide,2026-07-10,Koshi,Solukhumbu,Sotang,4,1000000,0,0,0,0,0,0,0,0,0,0,0,0,0,0,0,0,0,0,0,0,0
Yes,"Landslide at Bharyangdanda , Bhimphedi Rural Municipality-8",-,other,Landslide,2026-07-09,Bagmati,Makwanpur,Bhimphedi,8,0,0,0,0,0,0,0,0,0,0,0,0,0,0,0,0,0,0,0,0,0,0
Yes,Landslide at Khatyad Rural Municipality-3,-,other,Landslide,2026-07-09,Karnali,Mugu,Khatyad,3,0,0,0,0,0,0,0,0,0,0,0,0,0,0,0,0,0,0,0,0,0,0
Yes,Landslide at Hupsekot Rural Municipality-5,-,other,Landslide,2026-07-09,Gandaki,Nawalparasi East,Hupsekot,5,0,0,0,0,0,0,0,0,0,0,0,0,0,0,0,0,0,0,0,0,0,0
Yes,Landslide at Konjyosom Rural Municipality-4,-,other,Landslide,2026-07-09,Bagmati,Lalitpur,Konjyosom,4,0,0,0,0,0,0,0,0,0,0,0,0,0,0,0,0,0,0,0,0,0,0
Yes,Landslide at Inaruwa Municipality-8,-,other,Landslide,2026-07-09,Koshi,Sunsari,Inaruwa,8,0,0,0,0,0,0,0,0,0,0,0,0,0,0,0,0,0,0,0,0,0,0
Yes,"Landslide at Jyamire , Tadi Rural Municipality-4",-,other,Landslide,2026-07-09,Bagmati,Nuwakot,Tadi,4,0,0,0,0,0,0,0,0,0,0,0,0,0,0,0,0,0,0,0,0,0,0
Yes,Landslide at Inaruwa Municipality-8,-,other,Landslide,2026-07-09,Koshi,Sunsari,Inaruwa,8,0,0,0,0,0,0,0,0,0,0,0,0,0,0,0,0,0,0,0,0,0,0
Yes,"Landslide at Lakhumdhara, Phidim Municipality-11",-,other,Landslide,2026-07-09,Koshi,Panchthar,Phidim,11,0,0,0,0,0,0,0,0,0,0,0,0,0,0,0,0,0,0,0,0,0,0
Yes,"Landslide at Ghattepakha , Bakaiya Rural Municipality-11",-,other,Landslide,2026-07-09,Bagmati,Makwanpur,Bakaiya,11,0,0,0,0,0,0,0,0,0,0,0,0,0,0,0,0,0,0,0,0,0,0
Yes,"Landslide at Thumbedin , Phaktanglung Rural Municipality-6",-,other,Landslide,2026-07-09,Koshi,Taplejung,Phaktanglung,6,0,0,0,0,0,0,0,0,0,0,0,0,0,0,0,0,0,0,0,0,0,0
Yes,Landslide at Gosaikunda Rural Municipality-4,-,other,Landslide,2026-07-09,Bagmati,Rasuwa,Gosaikunda,4,0,0,0,0,0,0,0,0,0,0,0,0,0,0,0,0,0,0,0,0,0,0
Yes,"Landslide at Phalleghar , Dhorpatan Municipality-4",-,other,Landslide,2026-07-09,Gandaki,Baglung,Dhorpatan,4,0,0,0,0,0,0,0,0,0,0,0,0,0,0,0,0,0,0,0,0,0,0
Yes,"Landslide at Rakse , Resunga Municipality-14",-,other,Landslide,2026-07-08,Lumbini,Gulmi,Resunga,14,0,0,0,0,0,0,0,0,0,0,0,0,0,0,0,0,0,0,0,0,0,0
Yes,"Landslide at Paudi , Kaligandaki Rural Municipality-2",-,other,Landslide,2026-07-08,Lumbini,Gulmi,Kaligandaki,2,0,0,0,0,0,0,0,0,0,0,0,0,0,0,0,0,0,0,0,0,0,0
Yes,"Landslide at Pina Saatmod , Mugum Karmarong Rural Municipality-7",-,other,Landslide,2026-07-08,Karnali,Mugu,Mugum Karmarong,7,0,0,0,0,0,0,0,0,0,0,0,0,0,0,0,0,0,0,0,0,0,0
Yes,"Landslide at Khokse Khola , Phaktanglung Rural Municipality-6",-,other,Landslide,2026-07-08,Koshi,Taplejung,Phaktanglung,6,0,0,0,0,0,0,0,0,0,0,0,0,0,0,0,0,0,0,0,0,0,0
Yes,"Landslide at Pharse , Kushma Municipality-10",-,other,Landslide,2026-07-08,Gandaki,Parbat,Kushma,10,0,0,0,0,0,0,0,0,0,0,0,0,0,0,0,0,0,0,0,0,0,0
Yes,Landslide at Miklajung Rural Municipality-7,-,other,Landslide,2026-07-08,Koshi,Panchthar,Miklajung,7,0,0,0,0,0,0,0,0,0,0,0,0,0,0,0,0,0,0,0,0,0,0
Yes,Landslide at Resunga Municipality-14,-,other,Landslide,2026-07-08,Lumbini,Gulmi,Resunga,14,0,0,0,0,0,0,0,0,0,0,0,0,0,0,0,0,0,0,0,0,0,0
Yes,Landslide at Dhorpatan Municipality-4,-,other,Landslide,2026-07-08,Gandaki,Baglung,Dhorpatan,4,0,0,0,0,0,0,0,0,0,0,0,0,0,0,0,0,0,0,0,0,0,0
Yes,"Landslide at Sarmi , Guthichaur Rural Municipality-5",-,other,Landslide,2026-07-08,Karnali,Jumla,Guthichaur,5,0,0,0,0,0,0,0,0,0,0,0,0,0,0,0,0,0,0,0,0,0,0
Yes,"Landslide at Jyamdo , Madi Rural Municipality-2",-,other,Landslide,2026-07-08,Gandaki,Kaski,Madi,2,0,0,0,0,0,0,0,0,0,0,0,0,0,0,0,0,0,0,0,0,0,0
Yes,"Landslide at Chamere, Raghuganga Rural Municipality-8",-,other,Landslide,2026-07-07,Gandaki,Myagdi,Raghuganga,8,0,0,0,0,0,0,0,0,0,0,0,0,0,0,0,0,0,0,0,0,0,0
Yes,"Landslide at Baiseri , Raghuganga Rural Municipality-8",-,other,Landslide,2026-07-07,Gandaki,Myagdi,Raghuganga,8,0,0,0,0,0,0,0,0,0,0,0,0,0,0,0,0,0,0,0,0,0,0
Yes,Landslide at Raghuganga Rural Municipality-8,-,other,Landslide,2026-07-07,Gandaki,Myagdi,Raghuganga,8,0,0,0,0,0,0,0,0,0,0,0,0,0,0,0,0,0,0,0,0,0,0
Yes,"Landslide at Sevak Bhir , Rolpa Municipality-10",-,other,Landslide,2026-07-07,Lumbini,Rolpa,Rolpa,10,0,0,0,0,0,0,0,0,0,0,0,0,0,0,0,0,0,0,0,0,0,0
Yes,"Landslide at Khatigaau , Mangalsen Municipality-4",-,other,Landslide,2026-07-07,Sudurpashchim,Achham,Mangalsen,4,0,0,0,0,0,0,0,0,0,0,0,0,0,0,0,0,0,0,0,0,0,0
Yes,Landslide at Lo Ghekar Damodarkunda Rural Municipality-5,-,other,Landslide,2026-07-07,Gandaki,Mustang,Lo Ghekar Damodarkunda,5,0,0,0,0,0,0,0,0,0,0,0,0,0,0,0,0,0,0,0,0,0,0
Yes,Landslide at Bharatpur Metropolitan City-29,-,other,Landslide,2026-07-07,Bagmati,Chitwan,Bharatpur,29,0,0,0,0,0,0,0,0,0,0,0,0,0,0,0,0,0,0,0,0,0,0
Yes,"Landslide at Khistimbe , Mikwakhola Rural Municipality-5",-,other,Landslide,2026-07-07,Koshi,Taplejung,Mikwakhola,5,0,0,0,0,0,0,0,0,0,0,0,0,0,0,0,0,0,0,0,0,0,0
Yes,"Landslide at Malmul , Mathagadhi Rural Municipality-1",-,other,Landslide,2026-07-07,Lumbini,Palpa,Mathagadhi,1,0,0,0,0,0,0,0,0,0,0,0,0,0,0,0,0,0,0,0,0,0,0
Yes,"Landslide at Khambeshi , Dharche Rural Municipality-5",-,other,Landslide,2026-07-07,Gandaki,Gorkha,Dharche,5,0,0,0,0,0,0,0,0,0,0,0,0,0,0,0,0,0,0,0,0,0,0
Yes,"Landslide at Shankhe Danda , Ilam Municipality-12",-,other,Landslide,2026-07-07,Koshi,Ilam,Ilam,12,0,0,0,0,0,0,0,0,0,0,0,0,0,0,0,0,0,0,0,0,0,0
Yes,Landslide at Bhojpur Municipality-11,-,other,Landslide,2026-07-07,Koshi,Bhojpur,Bhojpur,11,0,0,0,0,0,0,0,0,0,0,0,0,0,0,0,0,0,0,0,0,0,0
Yes,"Landslide at Simkhet , Rolpa Municipality-7",-,other,Landslide,2026-07-07,Lumbini,Rolpa,Rolpa,7,0,0,0,0,0,0,0,0,0,0,0,0,0,0,0,0,0,0,0,0,0,0
Yes,"Landslide at Maluwa , Kushe Rural Municipality-7",-,other,Landslide,2026-07-06,Karnali,Jajarkot,Kushe,7,0,0,0,0,0,0,0,0,0,0,0,0,0,0,0,0,0,0,0,0,0,0
Yes,"Landslide at Surkhal , Shikhar Municipality-6",-,other,Landslide,2026-07-06,Sudurpashchim,Doti,Shikhar,6,0,0,0,0,0,0,0,0,0,0,0,0,0,0,0,0,0,0,0,0,0,0
Yes,"Landslide at Gimdibesi , Namobuddha Municipality-7",-,other,Landslide,2026-07-06,Bagmati,Kavrepalanchok,Namobuddha,7,0,0,0,0,0,0,0,0,0,0,0,0,0,0,0,0,0,0,0,0,0,0
Yes,"Landslide at Taprang , Madi Rural Municipality-3",-,other,Landslide,2026-07-06,Gandaki,Kaski,Madi,3,0,0,0,0,0,0,0,0,0,0,0,0,0,0,0,0,0,0,0,0,0,0
Yes,Landslide at Bharatpur Metropolitan City-29,-,other,Landslide,2026-07-06,Bagmati,Chitwan,Bharatpur,29,0,0,0,0,0,0,0,0,0,0,0,0,0,0,0,0,0,0,0,0,0,0
Yes,"Landslide at Pangdur , Konjyosom Rural Municipality-4",-,other,Landslide,2026-07-06,Bagmati,Lalitpur,Konjyosom,4,0,0,0,0,0,0,0,0,0,0,0,0,0,0,0,0,0,0,0,0,0,0
Yes,"Landslide at Siyal , Chingad Rural Municipality-4",-,other,Landslide,2026-07-06,Karnali,Surkhet,Chingad,4,0,0,0,0,0,0,0,0,0,0,0,0,0,0,0,0,0,0,0,0,0,0
Yes,"Landslide at Namlung Libu Danda , Khumbu Pasanglhamu Rural Municipality-3",-,other,Landslide,2026-07-06,Koshi,Solukhumbu,Khumbu Pasanglhamu,3,3000000,0,0,0,0,0,0,0,0,0,0,0,0,0,0,0,0,0,0,0,0,0
Yes,"Landslide at Washing, Benighat Rorang Rural Municipality-10",-,other,Landslide,2026-07-05,Bagmati,Dhading,Benighat Rorang,10,0,0,0,0,0,0,0,0,0,0,0,0,0,0,0,0,0,0,0,0,0,0
Yes,"Landslide at Harning , Rolpa Municipality-10",-,other,Landslide,2026-07-05,Lumbini,Rolpa,Rolpa,10,0,0,0,0,0,0,0,0,0,0,0,0,0,0,0,0,0,0,0,0,0,0
Yes,Landslide at Rolpa Municipality-10,-,other,Landslide,2026-07-05,Lumbini,Rolpa,Rolpa,10,0,0,0,0,0,0,0,0,0,0,0,0,0,0,0,0,0,0,0,0,0,0
Yes,Landslide at Mathagadhi Rural Municipality-1,-,other,Landslide,2026-07-05,Lumbini,Palpa,Mathagadhi,1,0,0,0,0,0,0,0,0,0,0,0,0,0,0,0,0,0,0,0,0,0,0
Yes,"Landslide at Simbuk , Mikwakhola Rural Municipality-5",-,other,Landslide,2026-07-05,Koshi,Taplejung,Mikwakhola,5,0,0,0,0,0,0,0,0,0,0,0,0,0,0,0,0,0,0,0,0,0,0
Yes,Landslide at Rolpa Municipality-10,-,other,Landslide,2026-07-05,Lumbini,Rolpa,Rolpa,10,0,0,0,0,0,0,0,0,0,0,0,0,0,0,0,0,0,0,0,0,0,0
Yes,Landslide at Phaktanglung Rural Municipality-6,-,other,Landslide,2026-07-04,Koshi,Taplejung,Phaktanglung,6,0,0,0,0,0,0,0,0,0,0,0,0,0,0,0,0,0,0,0,0,0,0
Yes,"Landslide at Malmul , Mathagadhi Rural Municipality-1",-,other,Landslide,2026-07-04,Lumbini,Palpa,Mathagadhi,1,0,0,0,0,0,0,0,0,0,0,0,0,0,0,0,0,0,0,0,0,0,0
Yes,"Landslide at Kodari , Jugal Rural Municipality-2",-,other,Landslide,2026-07-04,Bagmati,Sindhupalchok,Jugal,2,0,0,0,0,0,0,0,0,0,0,0,0,0,0,0,0,0,0,0,0,0,0
Yes,Landslide at Raghuganga Rural Municipality-8,-,other,Landslide,2026-07-04,Gandaki,Myagdi,Raghuganga,8,0,0,0,0,0,0,0,0,0,0,0,0,0,0,0,0,0,0,0,0,0,0
Yes,Landslide at Pokhara Metropolitan City-22,-,other,Landslide,2026-07-04,Gandaki,Kaski,Pokhara,22,0,0,0,0,0,0,0,0,0,0,0,0,0,0,0,0,0,0,0,0,0,0
Yes,Landslide at Raghuganga Rural Municipality-8,-,other,Landslide,2026-07-04,Gandaki,Myagdi,Raghuganga,8,0,0,0,0,0,0,0,0,0,0,0,0,0,0,0,0,0,0,0,0,0,0
Yes,Landslide at Chabispathivera Rural Municipality-1,-,other,Landslide,2026-07-04,Sudurpashchim,Bajhang,Chabispathivera,1,0,0,0,0,0,0,0,0,0,0,0,0,0,0,0,0,0,0,0,0,0,0
Yes,Landslide at Tilagufa Municipality-7,-,other,Landslide,2026-07-04,Karnali,Kalikot,Tilagufa,7,0,0,0,0,0,1,0,0,0,0,0,0,0,0,0,0,0,0,0,0,0,0
Yes,"Landslide at Gaalje Bazar , Pachaljharana Rural Municipality-3",-,other,Landslide,2026-07-04,Karnali,Kalikot,Pachaljharana,3,0,0,0,0,0,0,0,0,0,0,0,0,0,0,0,0,0,0,0,0,0,0
Yes,Landslide at Aathbiskot Municipality-11,-,other,Landslide,2026-07-04,Karnali,Rukum West,Aathbiskot,11,0,0,0,0,0,0,0,0,0,0,0,0,0,0,0,0,0,0,0,0,0,0
Yes,"Landslide at Karkineta Water Tank, Kushma Municipality-10",-,other,Landslide,2026-07-04,Gandaki,Parbat,Kushma,10,0,0,0,0,0,1,0,0,0,0,0,0,0,0,0,0,0,0,0,0,0,0
Yes,"Landslide at Thula Bagar and Chamakhet, Kushe Rural Municipality-7",-,other,Landslide,2026-07-04,Karnali,Jajarkot,Kushe,7,0,0,0,0,0,0,0,0,0,0,0,0,0,0,0,0,0,0,0,0,0,0
Yes,Landslide at Kageshwori Manahora Municipality-9,-,other,Landslide,2026-07-04,Bagmati,Kathmandu,Kageshwori Manahora,9,0,0,0,0,0,0,0,0,0,0,0,0,0,0,0,0,0,0,0,0,0,0
Yes,Landslide at Rolpa Municipality-10,-,other,Landslide,2026-07-04,Lumbini,Rolpa,Rolpa,10,0,0,0,0,0,0,0,0,0,0,0,0,0,0,0,0,0,0,0,0,0,0
Yes,Landslide at Rolpa Municipality-10,-,other,Landslide,2026-07-04,Lumbini,Rolpa,Rolpa,10,0,0,0,0,0,0,0,0,0,0,0,0,0,0,0,0,0,0,0,0,0,0
Yes,Landslide at Kushe Rural Municipality-7,-,other,Landslide,2026-07-04,Karnali,Jajarkot,Kushe,7,0,0,0,0,0,0,0,0,0,0,0,0,0,0,0,0,0,1,1,0,0,0
Yes,"Landslide at Kholawang, Rolpa Municipality-10",-,other,Landslide,2026-07-03,Lumbini,Rolpa,Rolpa,10,0,0,0,0,0,0,0,0,0,0,0,0,0,0,0,0,0,0,0,0,0,0
Yes,Landslide at Mikwakhola Rural Municipality-4,-,other,Landslide,2026-07-03,Koshi,Taplejung,Mikwakhola,4,0,0,0,0,0,0,0,0,0,0,0,0,0,0,0,0,0,0,0,0,0,0
Yes,"Landslide at Bimire bhanjyang , MadhyaNepal Municipality-10",-,other,Landslide,2026-07-03,Gandaki,Lamjung,MadhyaNepal,10,0,0,0,0,0,0,0,0,0,0,0,0,0,0,0,0,0,0,0,0,0,0
Yes,Landslide at Phaktanglung Rural Municipality-6,-,other,Landslide,2026-07-03,Koshi,Taplejung,Phaktanglung,6,0,0,0,0,0,0,0,0,0,0,0,0,0,0,0,0,0,0,0,0,0,0
Yes,Landslide at Waling Municipality-14,-,other,Landslide,2026-07-03,Gandaki,Syangja,Waling,14,0,0,0,0,0,0,0,0,0,0,0,0,0,0,0,0,0,0,0,0,0,0
Yes,Landslide at Khandbari Municipality-7,-,other,Landslide,2026-07-03,Koshi,Sankhuwasabha,Khandbari,7,0,0,0,0,0,0,0,0,0,0,0,0,0,0,0,0,0,0,0,0,0,0
Yes,"Landslide at Balkhu , Kathmandu Metropolitan City-14",-,other,Landslide,2026-07-03,Bagmati,Kathmandu,Kathmandu,14,400000,0,0,0,0,0,0,0,0,0,0,0,0,0,0,0,0,0,0,0,0,0
Yes,"Landslide at Ghoptebhir , Bharatpur Metropolitan City-14",-,other,Landslide,2026-07-02,Bagmati,Chitwan,Bharatpur,14,0,0,0,0,0,0,0,0,0,0,0,0,0,0,0,0,0,0,0,0,0,0
Yes,"Landslide at Doleshwor Maligaau , Suryabinayak Municipality-8",-,other,Landslide,2026-07-02,Bagmati,Bhaktapur,Suryabinayak,8,0,0,0,0,0,0,0,0,0,0,0,0,0,0,0,0,0,0,0,0,0,0
Yes,Landslide at Phedap Rural Municipality-3,-,other,Landslide,2026-07-02,Koshi,Terhathum,Phedap,3,0,0,0,0,0,0,0,0,0,0,0,0,0,0,0,0,0,0,0,0,0,0
Yes,Landslide at Kushe Rural Municipality-7,-,other,Landslide,2026-07-02,Karnali,Jajarkot,Kushe,7,0,0,0,1,1,0,9,0,0,0,0,0,0,0,0,0,0,0,0,0,0,0
Yes,Landslide at Molung Rural Municipality-1,-,other,Landslide,2026-07-02,Koshi,Okhaldhunga,Molung,1,250000,0,0,0,0,0,0,0,0,0,0,0,0,0,0,0,0,0,0,0,0,0
Yes,Landslide at Bharatpur Metropolitan City-14,-,other,Landslide,2026-07-02,Bagmati,Chitwan,Bharatpur,14,0,0,0,0,0,0,0,0,0,0,0,0,0,0,0,0,0,1,1,0,0,0
Yes,Landslide at Hupsekot Rural Municipality-4,-,other,Landslide,2026-07-01,Gandaki,Nawalparasi East,Hupsekot,4,0,0,0,0,0,0,0,0,0,0,0,0,0,0,0,0,0,0,0,0,0,0
Yes,Landslide at Khandbari Municipality-7,-,other,Landslide,2026-07-01,Koshi,Sankhuwasabha,Khandbari,7,0,0,0,0,0,0,0,0,0,0,0,0,0,0,0,0,0,0,0,0,0,0
Yes,Landslide at Bharatpur Metropolitan City-14,-,other,Landslide,2026-07-01,Bagmati,Chitwan,Bharatpur,14,0,0,0,0,0,0,0,0,0,0,0,0,0,0,0,0,0,0,0,0,0,0
Yes,Landslide at Machhapuchchhre Rural Municipality-2,-,other,Landslide,2026-07-01,Gandaki,Kaski,Machhapuchchhre,2,0,0,0,0,0,0,0,0,0,0,0,0,0,0,0,0,0,0,0,0,0,0
Yes,Landslide at Surnaya Rural Municipality-5,-,other,Landslide,2026-07-01,Sudurpashchim,Baitadi,Surnaya,5,0,0,0,0,0,0,0,0,0,0,0,0,0,0,0,0,0,0,0,0,0,0
Yes,Landslide at Gosaikunda Rural Municipality-4,-,other,Landslide,2026-07-01,Bagmati,Rasuwa,Gosaikunda,4,0,0,0,0,0,0,0,0,0,0,0,0,0,0,0,0,0,0,0,0,0,0
Yes,"Landslide at Lambhidanda , Waling Municipality-7",-,other,Landslide,2026-06-30,Gandaki,Syangja,Waling,7,0,0,0,0,0,0,0,0,0,0,0,0,0,0,0,0,0,0,0,0,0,0
Yes,Landslide at Simkot Rural Municipality-3,-,other,Landslide,2026-06-30,Karnali,Humla,Simkot,3,0,0,0,0,0,0,0,0,0,0,0,0,0,0,0,0,0,0,0,0,0,0
Yes,"Landslide at Khokse River, Phaktanglung Rural Municipality-6",-,other,Landslide,2026-06-30,Koshi,Taplejung,Phaktanglung,6,0,0,0,0,0,0,0,0,0,0,0,0,0,0,0,0,0,0,0,0,0,0
Yes,"Landslide at Dumre, Tansen Municipality-8",-,other,Landslide,2026-06-30,Lumbini,Palpa,Tansen,8,0,0,0,0,0,0,0,0,0,0,0,0,0,0,0,0,0,0,0,0,0,0
Yes,"Landslide at Bhokrebhat , Hupsekot Rural Municipality-4",-,other,Landslide,2026-06-30,Gandaki,Nawalparasi East,Hupsekot,4,0,0,0,0,0,0,0,0,0,0,0,0,0,0,0,0,0,0,0,0,0,0
Yes,"Landslide at Dhobadi , Bhirkot Municipality-8",-,other,Landslide,2026-06-30,Gandaki,Syangja,Bhirkot,8,0,0,0,0,0,0,0,0,0,0,0,0,0,0,0,0,0,0,0,0,0,0
Yes,Landslide at Bharatpur Metropolitan City-14,-,other,Landslide,2026-06-30,Bagmati,Chitwan,Bharatpur,14,0,0,0,0,0,0,0,0,0,0,0,0,0,0,0,0,0,0,0,0,0,0
Yes,"Landslide at Dumribhanjyang , Waling Municipality-14",-,other,Landslide,2026-06-30,Gandaki,Syangja,Waling,14,0,0,0,0,0,0,0,0,0,0,0,0,0,0,0,0,0,0,0,0,0,0
Yes,Landslide at Bakaiya Rural Municipality-12,-,other,Landslide,2026-06-29,Bagmati,Makwanpur,Bakaiya,12,0,0,0,0,0,0,0,0,0,0,0,0,0,0,0,0,0,0,0,0,0,0
Yes,Landslide at Konjyosom Rural Municipality-4,-,other,Landslide,2026-06-29,Bagmati,Lalitpur,Konjyosom,4,0,0,0,0,0,0,0,0,0,0,0,0,0,0,0,0,0,0,0,0,0,0
Yes,"Landslide at Bhulke, Phedap Rural Municipality-3",-,other,Landslide,2026-06-29,Koshi,Terhathum,Phedap,3,0,0,0,0,0,0,0,0,0,0,0,0,0,0,0,0,0,0,0,0,0,0
Yes,Landslide at Rurukshetra Rural Municipality-3,-,other,Landslide,2026-06-29,Lumbini,Gulmi,Rurukshetra,3,0,0,0,0,0,0,0,0,0,0,0,0,0,0,0,0,0,0,0,0,0,0
Yes,Landslide at Khandbari Municipality-4,-,other,Landslide,2026-06-29,Koshi,Sankhuwasabha,Khandbari,4,0,0,0,0,0,0,1,0,0,0,0,0,0,0,0,0,0,0,0,0,0,0
Yes,Landslide at Malika Rural Municipality-2,-,other,Landslide,2026-06-29,Lumbini,Gulmi,Malika,2,0,0,0,0,0,0,2,0,0,0,0,0,0,0,0,0,0,0,0,0,0,0
Yes,Landslide at Laligurans Municipality-4,-,other,Landslide,2026-06-29,Koshi,Terhathum,Laligurans,4,0,0,0,0,0,0,0,0,0,0,0,0,0,0,0,0,0,0,0,0,0,0
Yes,Landslide at Mathagadhi Rural Municipality-1,-,other,Landslide,2026-06-29,Lumbini,Palpa,Mathagadhi,1,0,0,0,0,0,0,0,0,0,0,0,0,0,0,0,0,0,0,0,0,0,0
Yes,"Landslide at Sisne Bhir , Resunga Municipality-14",-,other,Landslide,2026-06-29,Lumbini,Gulmi,Resunga,14,0,0,0,0,0,0,0,0,0,0,0,0,0,0,0,0,0,0,0,0,0,0
Yes,Landslide at Phedap Rural Municipality-3,-,other,Landslide,2026-06-29,Koshi,Terhathum,Phedap,3,0,0,0,0,0,0,0,0,0,0,0,0,0,0,0,0,0,0,0,0,0,0
Yes,Landslide at Waling Municipality-14,-,other,Landslide,2026-06-29,Gandaki,Syangja,Waling,14,0,0,0,0,0,0,0,0,0,0,0,0,0,0,0,0,0,0,0,0,0,0
Yes,Landslide at Bhojpur Municipality-11,-,other,Landslide,2026-06-29,Koshi,Bhojpur,Bhojpur,11,0,0,0,0,0,0,0,0,0,0,0,0,0,0,0,0,0,0,0,0,0,0
Yes,Landslide at Putha Uttarganga Rural Municipality-4,-,other,Landslide,2026-06-29,Lumbini,Rukum East,Putha Uttarganga,4,0,0,0,0,0,0,0,1,1,0,0,0,0,0,0,0,0,1,1,0,0,0
Yes,Landslide at Khandbari Municipality-7,-,other,Landslide,2026-06-29,Koshi,Sankhuwasabha,Khandbari,7,0,0,0,0,0,0,0,0,0,0,0,0,0,0,0,0,0,0,0,0,0,0
Yes,Landslide at Khandbari Municipality-7,-,other,Landslide,2026-06-29,Koshi,Sankhuwasabha,Khandbari,7,0,0,0,0,0,0,3,0,0,0,0,0,0,0,0,0,0,0,0,0,0,0
Yes,Landslide at Khandbari Municipality-7,-,other,Landslide,2026-06-29,Koshi,Sankhuwasabha,Khandbari,7,0,0,0,0,0,0,0,0,0,0,0,0,0,0,0,0,0,0,0,0,0,0
Yes,Landslide at Khandbari Municipality-7,-,other,Landslide,2026-06-29,Koshi,Sankhuwasabha,Khandbari,7,0,0,0,0,0,0,0,0,0,0,0,0,0,0,0,0,0,0,0,0,0,0
Yes,"Landslide at Jaisipadhera , Bhirkot Municipality-8",-,other,Landslide,2026-06-29,Gandaki,Syangja,Bhirkot,8,0,0,0,0,0,0,0,0,0,0,0,0,0,0,0,0,0,0,0,0,0,0
Yes,"Landslide at Rajduwali , Ilam Municipality-9",-,other,Landslide,2026-06-28,Koshi,Ilam,Ilam,9,0,0,0,0,0,0,0,0,0,0,0,0,0,0,0,0,0,0,0,0,0,0
Yes,Landslide at Ichchhakamana Rural Municipality-5,-,other,Landslide,2026-06-28,Bagmati,Chitwan,Ichchhakamana,5,0,0,0,0,0,0,0,0,0,0,0,0,0,0,0,0,0,0,0,0,0,0
Yes,Landslide at Waling Municipality-12,-,other,Landslide,2026-06-28,Gandaki,Syangja,Waling,12,0,0,0,0,0,0,0,0,0,0,0,0,0,0,0,0,0,0,0,0,0,0
Yes,"Landslide at Bhawanpokhara , Phalewas Municipality-5",-,other,Landslide,2026-06-28,Gandaki,Parbat,Phalewas,5,0,0,0,0,0,0,0,0,0,0,0,0,0,0,0,0,0,0,0,0,0,0
Yes,Landslide at Rhishing Rural Municipality-1,-,other,Landslide,2026-06-28,Gandaki,Tanahu,Rhishing,1,0,0,0,0,0,0,0,0,0,0,0,0,0,0,0,0,0,0,0,0,0,0
Yes,Landslide at Rainadevi Chhahara Rural Municipality-8,-,other,Landslide,2026-06-28,Lumbini,Palpa,Rainadevi Chhahara,8,0,0,0,0,0,0,0,0,0,0,0,0,0,0,0,0,0,0,0,0,0,0
Yes,Landslide at Bhumikasthan Municipality-7,-,other,Landslide,2026-06-28,Lumbini,Arghakhanchi,Bhumikasthan,7,0,0,0,0,0,0,0,0,0,0,0,0,0,0,0,0,0,0,0,0,0,0
Yes,Landslide at MadhyaNepal Municipality-10,-,other,Landslide,2026-06-28,Gandaki,Lamjung,MadhyaNepal,10,0,0,0,0,0,0,0,0,0,0,0,0,0,0,0,0,0,0,0,0,0,0
Yes,Landslide at Waling Municipality-13,-,other,Landslide,2026-06-28,Gandaki,Syangja,Waling,13,0,0,0,0,0,0,0,0,0,0,0,0,0,0,0,0,0,0,0,0,0,0
Yes,Landslide at Bhirkot Municipality-8,-,other,Landslide,2026-06-28,Gandaki,Syangja,Bhirkot,8,0,0,0,0,0,0,0,0,0,0,0,0,0,0,0,0,0,0,0,0,0,0
Yes,Landslide at Resunga Municipality-14,-,other,Landslide,2026-06-28,Lumbini,Gulmi,Resunga,14,0,0,0,0,0,0,0,0,0,0,0,0,0,0,0,0,0,0,0,0,0,0
Yes,Landslide at Khandbari Municipality-7,-,other,Landslide,2026-06-28,Koshi,Sankhuwasabha,Khandbari,7,0,0,0,0,0,0,0,1,1,0,0,0,0,0,0,0,0,0,0,0,0,0
Yes,Landslide at Ilam Municipality-12,-,other,Landslide,2026-06-28,Koshi,Ilam,Ilam,12,700000,0,0,0,0,1,0,0,0,0,0,0,0,0,0,0,0,0,0,0,0,0
Yes,Landslide at Madi Municipality-6,-,other,Landslide,2026-06-28,Koshi,Sankhuwasabha,Madi,6,0,0,0,0,0,1,0,0,0,0,0,0,0,0,0,0,0,0,0,0,0,0
Yes,Landslide at Nalgaad Municipality-5,-,other,Landslide,2026-06-28,Karnali,Jajarkot,Nalgaad,5,0,0,0,0,0,3,0,0,0,0,0,0,0,0,0,0,0,0,0,0,0,0
Yes,Landslide at Khandbari Municipality-7,-,other,Landslide,2026-06-28,Koshi,Sankhuwasabha,Khandbari,7,0,0,0,0,0,0,0,0,0,0,0,0,0,0,0,0,0,0,0,0,0,0
Yes,Landslide at Khandbari Municipality-7,-,other,Landslide,2026-06-28,Koshi,Sankhuwasabha,Khandbari,7,0,0,0,0,0,0,0,0,0,0,0,0,0,0,0,0,0,0,0,0,0,0
Yes,Landslide at Khandbari Municipality-7,-,other,Landslide,2026-06-28,Koshi,Sankhuwasabha,Khandbari,7,0,0,0,0,0,0,0,0,0,0,0,0,0,0,0,0,0,0,0,0,0,0
Yes,Landslide at Gosaikunda Rural Municipality-4,-,other,Landslide,2026-06-28,Bagmati,Rasuwa,Gosaikunda,4,0,0,0,0,0,0,0,0,0,0,0,0,0,0,0,0,0,0,0,0,0,0
Yes,"Landslide at Chepel , Khumbu Pasanglhamu Rural Municipality-3",-,other,Landslide,2026-06-28,Koshi,Solukhumbu,Khumbu Pasanglhamu,3,0,0,0,0,0,0,0,0,0,0,0,0,0,0,0,0,0,0,0,0,0,0
Yes,Landslide at Aathbiskot Municipality-14,-,other,Landslide,2026-06-28,Karnali,Rukum West,Aathbiskot,14,0,0,0,0,0,0,0,0,0,0,0,0,0,0,0,0,0,0,0,0,0,0
Yes,Landslide at Rolpa Municipality-10,-,other,Landslide,2026-06-28,Lumbini,Rolpa,Rolpa,10,0,0,0,0,0,0,0,0,0,0,0,0,0,0,0,0,0,1,0,0,1,0
Yes,Landslide at Sirijangha Rural Municipality-8,-,other,Landslide,2026-06-27,Koshi,Taplejung,Sirijangha,8,0,0,0,0,0,1,0,0,0,0,0,0,0,0,0,0,0,0,0,0,0,0
Yes,Landslide at Khandbari Municipality-7,-,other,Landslide,2026-06-27,Koshi,Sankhuwasabha,Khandbari,7,0,0,0,0,0,0,0,0,0,0,0,0,0,0,0,0,0,0,0,0,0,0
Yes,Landslide at Waling Municipality-12,-,other,Landslide,2026-06-27,Gandaki,Syangja,Waling,12,0,0,0,0,0,0,0,0,0,0,0,0,0,0,0,0,0,0,0,0,0,0
Yes,Landslide at Rhishing Rural Municipality-1,-,other,Landslide,2026-06-27,Gandaki,Tanahu,Rhishing,1,0,0,0,0,0,0,0,0,0,0,0,0,0,0,0,0,0,0,0,0,0,0
Yes,Landslide at Khandbari Municipality-7,-,other,Landslide,2026-06-27,Koshi,Sankhuwasabha,Khandbari,7,0,0,0,0,0,0,0,0,0,0,0,0,0,0,0,0,0,0,0,0,0,0
Yes,"Landslide at Rajduwali , Ilam Municipality-9",-,other,Landslide,2026-06-26,Koshi,Ilam,Ilam,9,0,0,0,0,0,0,0,0,0,0,0,0,0,0,0,0,0,0,0,0,0,0
Yes,Landslide at Khandbari Municipality-7,-,other,Landslide,2026-06-26,Koshi,Sankhuwasabha,Khandbari,7,0,0,0,0,0,0,0,0,0,0,0,0,0,0,0,0,0,0,0,0,0,0
Yes,Landslide at Khandbari Municipality-7,-,other,Landslide,2026-06-26,Koshi,Sankhuwasabha,Khandbari,7,0,0,0,0,0,0,0,0,0,0,0,0,0,0,0,0,0,0,0,0,0,0
Yes,Landslide at Silichong Rural Municipality-4,-,other,Landslide,2026-06-26,Koshi,Sankhuwasabha,Silichong,4,0,0,0,0,0,0,0,0,0,0,0,0,0,0,0,0,0,0,0,0,0,0
Yes,Landslide at Khandbari Municipality-7,-,other,Landslide,2026-06-26,Koshi,Sankhuwasabha,Khandbari,7,0,0,0,0,0,0,0,0,0,0,0,0,0,0,0,0,0,0,0,0,0,0
Yes,Landslide at Ilam Municipality-8,-,other,Landslide,2026-06-26,Koshi,Ilam,Ilam,8,0,0,0,0,0,0,0,0,0,0,0,0,0,0,0,0,0,0,0,0,0,0
Yes,Landslide at Resunga Municipality-14,-,nepal_police,Landslide,2026-06-25,Lumbini,Gulmi,Resunga,14,0,0,0,0,0,0,0,0,0,0,0,0,0,0,0,0,0,0,0,0,0,0
Yes,Landslide at Phungling Municipality-11,-,nepal_police,Landslide,2026-06-25,Koshi,Taplejung,Phungling,11,0,0,0,0,0,0,0,0,0,0,0,0,0,0,0,0,0,0,0,0,0,0
Yes,Landslide at Khandbari Municipality-7,-,other,Landslide,2026-06-25,Koshi,Sankhuwasabha,Khandbari,7,0,0,0,0,0,0,0,0,0,0,0,0,0,0,0,0,0,0,0,0,0,0
Yes,"Landslide at Nadipur, Machhapuchchhre Rural Municipality-2",-,other,Landslide,2026-06-24,Gandaki,Kaski,Machhapuchchhre,2,0,0,0,0,0,1,0,0,0,0,0,0,0,0,0,0,0,0,0,0,0,0
Yes,Landslide at Khandbari Municipality-7,-,other,Landslide,2026-06-24,Koshi,Sankhuwasabha,Khandbari,7,0,0,0,0,0,0,0,0,0,0,0,0,0,0,0,0,0,0,0,0,0,0
Yes,Landslide at Ilam Municipality-9,-,other,Landslide,2026-06-24,Koshi,Ilam,Ilam,9,0,0,0,0,0,0,0,0,0,0,0,0,0,0,0,0,0,0,0,0,0,0
Yes,"Landslide at Malta, Khandbari Municipality-5",-,other,Landslide,2026-06-24,Koshi,Sankhuwasabha,Khandbari,5,0,0,0,0,0,0,0,0,0,0,0,0,0,0,0,0,0,0,0,0,0,0
Yes,"Landslide at Malta , Khandbari Municipality-7",-,other,Landslide,2026-06-24,Koshi,Sankhuwasabha,Khandbari,7,0,0,0,0,0,0,0,0,0,0,0,0,0,0,0,0,0,0,0,0,0,0
Yes,Landslide at Raghuganga Rural Municipality-8,-,other,Landslide,2026-06-23,Gandaki,Myagdi,Raghuganga,8,0,0,0,0,0,0,0,1,1,0,0,0,0,0,0,0,0,0,0,0,0,0
Yes,Landslide at Khandbari Municipality-7,-,other,Landslide,2026-06-23,Koshi,Sankhuwasabha,Khandbari,7,0,0,0,0,0,0,0,0,0,0,0,0,0,0,0,0,0,0,0,0,0,0
Yes,"Landslide at Alphate , Khandbari Municipality-7",-,other,Landslide,2026-06-22,Koshi,Sankhuwasabha,Khandbari,7,0,0,0,0,0,0,0,0,0,0,0,0,0,0,0,0,0,0,0,0,0,0
Yes,Landslide at Panchadewal Binayak Municipality-4,-,other,Landslide,2026-06-22,Sudurpashchim,Achham,Panchadewal Binayak,4,0,0,0,0,0,0,0,0,0,0,0,0,0,0,0,0,0,0,0,0,0,0
Yes,Landslide at Khandbari Municipality-7,-,other,Landslide,2026-06-22,Koshi,Sankhuwasabha,Khandbari,7,0,0,0,0,0,0,0,0,0,0,0,0,0,0,0,0,0,0,0,0,0,0
Yes,Landslide at Bakaiya Rural Municipality-11,-,nepal_police,Landslide,2026-06-21,Bagmati,Makwanpur,Bakaiya,11,0,0,0,0,0,0,0,0,0,0,0,0,0,0,0,0,0,0,0,0,0,0
Yes,Landslide at Suryagadhi Rural Municipality-4,-,other,Landslide,2026-06-21,Bagmati,Nuwakot,Suryagadhi,4,0,0,0,0,0,2,0,0,0,0,0,0,0,0,0,0,0,0,0,0,0,0
Yes,Landslide at Phaktanglung Rural Municipality-6,-,other,Landslide,2026-06-21,Koshi,Taplejung,Phaktanglung,6,0,0,0,0,0,0,0,0,0,0,0,0,0,0,0,0,0,0,0,0,0,0
Yes,Landslide at Mikwakhola Rural Municipality-4,-,other,Landslide,2026-06-21,Koshi,Taplejung,Mikwakhola,4,0,0,0,0,0,0,0,0,0,0,0,0,0,0,0,0,0,0,0,0,0,0
Yes,Landslide at Phaktanglung Rural Municipality-6,-,other,Landslide,2026-06-21,Koshi,Taplejung,Phaktanglung,6,100000,0,0,0,0,1,1,0,0,0,0,0,0,0,0,0,0,0,0,0,0,0
Yes,"Landslide at Tudikhal, Phedap Rural Municipality-3",-,nepal_police,Landslide,2026-06-20,Koshi,Terhathum,Phedap,3,0,0,0,0,0,0,0,0,0,0,0,0,0,0,0,0,0,0,0,0,0,0
Yes,"Landslide at Thumki, Dhankuta Municipality-2",-,nepal_police,Landslide,2026-06-20,Koshi,Dhankuta,Dhankuta,2,0,0,0,0,0,0,0,0,0,0,0,0,0,0,0,0,0,0,0,0,0,0
Yes,Landslide at Phedap Rural Municipality-3,-,nepal_police,Landslide,2026-06-20,Koshi,Terhathum,Phedap,3,0,0,0,0,0,0,0,0,0,0,0,0,0,0,0,0,0,0,0,0,0,0
Yes,"Landslide at Khawang, Phaktanglung Rural Municipality-6",-,nepal_police,Landslide,2026-06-20,Koshi,Taplejung,Phaktanglung,6,0,0,0,0,0,0,0,0,0,0,0,0,0,0,0,0,0,0,0,0,0,0
Yes,"Landslide at Thumki, Dhankuta Municipality-2",-,nepal_police,Landslide,2026-06-20,Koshi,Dhankuta,Dhankuta,2,0,0,0,0,0,0,0,0,0,0,0,0,0,0,0,0,0,0,0,0,0,0
Yes,Landslide at Inaruwa Municipality-8,-,nepal_police,Landslide,2026-06-20,Koshi,Sunsari,Inaruwa,8,0,0,0,0,0,0,0,0,0,0,0,0,0,0,0,0,0,0,0,0,0,0
Yes,"Landslide at Syabung , Khandbari Municipality-7",-,other,Landslide,2026-06-20,Koshi,Sankhuwasabha,Khandbari,7,0,0,0,0,0,0,0,0,0,0,0,0,0,0,0,0,0,0,0,0,0,0
Yes,Landslide at Phaktanglung Rural Municipality-6,-,other,Landslide,2026-06-20,Koshi,Taplejung,Phaktanglung,6,0,0,0,0,0,0,0,0,0,0,0,0,0,0,0,0,0,0,0,0,0,0
Yes,Landslide at Hupsekot Rural Municipality-4,-,nepal_police,Landslide,2026-06-19,Gandaki,Nawalparasi East,Hupsekot,4,0,0,0,0,0,0,0,0,0,0,0,0,0,0,0,0,0,0,0,0,0,0
Yes,"Landslide at Bimirebhanjyang , MadhyaNepal Municipality-10",-,nepal_police,Landslide,2026-06-19,Gandaki,Lamjung,MadhyaNepal,10,0,0,0,0,0,0,0,0,0,0,0,0,0,0,0,0,0,0,0,0,0,0
Yes,Landslide at Inaruwa Municipality-8,-,nepal_police,Landslide,2026-06-19,Koshi,Sunsari,Inaruwa,8,0,0,0,0,0,0,0,0,0,0,0,0,0,0,0,0,0,0,0,0,0,0
Yes,Landslide at Belbari Municipality-8,-,nepal_police,Landslide,2026-06-19,Koshi,Morang,Belbari,8,0,0,0,0,0,0,0,0,0,0,0,0,0,0,0,0,0,0,0,0,0,0
Yes,Landslide at Suryodaya Municipality-14,-,nepal_police,Landslide,2026-06-19,Koshi,Ilam,Suryodaya,14,0,0,0,0,0,0,0,0,0,0,0,0,0,0,0,0,0,0,0,0,0,0
Yes,"Landslide at Maipokhari, Ilam Municipality-12",-,nepal_police,Landslide,2026-06-19,Koshi,Ilam,Ilam,12,0,0,0,0,0,0,0,0,0,0,0,0,0,0,0,0,0,0,0,0,0,0
Yes,Landslide at Ilam Municipality-12,-,nepal_police,Landslide,2026-06-19,Koshi,Ilam,Ilam,12,0,0,0,0,0,0,0,0,0,0,0,0,0,0,0,0,0,0,0,0,0,0
Yes,"Landslide at Dhansare, Inaruwa Municipality-8",-,nepal_police,Landslide,2026-06-19,Koshi,Sunsari,Inaruwa,8,0,0,0,0,0,0,0,0,0,0,0,0,0,0,0,0,0,0,0,0,0,0
Yes,"Landslide at Nareshwor, Dharche Rural Municipality-5",-,nepal_police,Landslide,2026-06-19,Gandaki,Gorkha,Dharche,5,0,0,0,0,0,0,0,0,0,0,0,0,0,0,0,0,0,0,0,0,0,0
Yes,Landslide at Ilam Municipality-12,-,other,Landslide,2026-06-19,Koshi,Ilam,Ilam,12,0,0,0,0,0,0,0,0,0,0,0,0,0,0,0,0,0,0,0,0,0,0
Yes,Landslide at Phedap Rural Municipality-3,-,other,Landslide,2026-06-18,Koshi,Terhathum,Phedap,3,0,0,0,0,0,0,0,0,0,0,0,0,0,0,0,0,0,0,0,0,0,0
Yes,Landslide at Marsyangdi Rural Municipality-7,-,other,Landslide,2026-06-18,Gandaki,Lamjung,Marsyangdi,7,0,0,0,0,0,0,0,0,0,0,0,0,0,0,0,0,0,0,0,0,0,0
Yes,Landslide at Yangwarak Rural Municipality-6,-,other,Landslide,2026-06-18,Koshi,Panchthar,Yangwarak,6,0,0,0,0,0,0,0,0,0,0,0,0,0,0,0,0,0,0,0,0,0,0
Yes,Landslide at Khandbari Municipality-7,-,other,Landslide,2026-06-18,Koshi,Sankhuwasabha,Khandbari,7,0,0,0,0,0,0,0,0,0,0,0,0,0,0,0,0,0,0,0,0,0,0
Yes,"Landslide at Kartike , Sidingba Rural Municipality-4",-,other,Landslide,2026-06-18,Koshi,Taplejung,Sidingba,4,0,0,0,0,0,0,0,0,0,0,0,0,0,0,0,0,0,0,0,0,0,0
Yes,Landslide at Hilihang Rural Municipality-5,-,nepal_police,Landslide,2026-06-18,Koshi,Panchthar,Hilihang,5,0,0,0,0,0,0,0,0,0,0,0,0,0,0,0,0,0,0,0,0,0,0
Yes,Landslide at Aanbookhaireni Rural Municipality-2,-,nepal_police,Landslide,2026-06-18,Gandaki,Tanahu,Aanbookhaireni,2,0,0,0,0,0,0,0,0,0,0,0,0,0,0,0,0,0,0,0,0,0,0
Yes,Landslide at Ilam Municipality-11,-,nepal_police,Landslide,2026-06-18,Koshi,Ilam,Ilam,11,0,0,0,0,0,0,0,0,0,0,0,0,0,0,0,0,0,0,0,0,0,0
Yes,Landslide at Khandbari Municipality-7,-,nepal_police,Landslide,2026-06-18,Koshi,Sankhuwasabha,Khandbari,7,0,0,0,0,0,0,0,0,0,0,0,0,0,0,0,0,0,0,0,0,0,0
Yes,"Landslide at Puwakhola , Ilam Municipality-12",-,other,Landslide,2026-06-17,Koshi,Ilam,Ilam,12,0,0,0,0,0,0,0,0,0,0,0,0,0,0,0,0,0,0,0,0,0,0
Yes,Landslide at Khandbari Municipality-7,-,other,Landslide,2026-06-17,Koshi,Sankhuwasabha,Khandbari,7,0,0,0,0,0,0,0,0,0,0,0,0,0,0,0,0,0,0,0,0,0,0
Yes,Landslide at Khandbari Municipality-7,-,nepal_police,Landslide,2026-06-17,Koshi,Sankhuwasabha,Khandbari,7,0,0,0,0,0,1,0,0,0,0,0,0,0,0,0,0,0,0,0,0,0,0
Yes,Landslide at Khandbari Municipality-7,-,nepal_police,Landslide,2026-06-17,Koshi,Sankhuwasabha,Khandbari,7,0,0,0,0,0,0,0,0,0,0,0,0,0,0,0,0,0,0,0,0,0,0
Yes,Landslide at Khandbari Municipality-7,-,nepal_police,Landslide,2026-06-17,Koshi,Sankhuwasabha,Khandbari,7,0,0,0,0,0,2,0,0,0,0,0,0,0,0,0,0,0,0,0,0,0,0
Yes,Landslide at Ichchhakamana Rural Municipality-5,-,other,Landslide,2026-06-16,Bagmati,Chitwan,Ichchhakamana,5,0,0,0,0,0,0,0,0,0,0,0,0,0,0,0,0,0,0,0,0,0,0
Yes,Landslide at Raghuganga Rural Municipality-8,-,other,Landslide,2026-06-14,Gandaki,Myagdi,Raghuganga,8,0,0,0,0,0,0,0,0,0,0,0,0,0,0,0,0,0,0,0,0,0,0
Yes,Landslide at Bhojpur Municipality-4,-,other,Landslide,2026-06-13,Koshi,Bhojpur,Bhojpur,4,45000,0,0,0,0,0,0,0,0,0,0,0,0,0,0,0,0,0,0,0,0,0
Yes,Landslide at Rautamai Rural Municipality-7,-,other,Landslide,2026-06-13,Koshi,Udayapur,Rautamai,7,0,0,0,0,0,0,0,0,0,0,0,0,0,0,0,0,0,0,0,0,0,0
Yes,Landslide at MadhyaNepal Municipality-10,-,other,Landslide,2026-06-13,Gandaki,Lamjung,MadhyaNepal,10,0,0,0,0,0,0,0,0,0,0,0,0,0,0,0,0,0,0,0,0,0,0
Yes,Landslide at Sangurigadhi Rural Municipality-6,-,other,Landslide,2026-06-13,Koshi,Dhankuta,Sangurigadhi,6,0,0,0,0,0,0,0,0,0,0,0,0,0,0,0,0,0,0,0,0,0,0
Yes,"Landslide at Thagna , Simkot Rural Municipality-3",-,other,Landslide,2026-06-12,Karnali,Humla,Simkot,3,0,0,0,0,0,0,0,1,0,0,1,0,0,0,0,0,0,0,0,0,0,0
Yes,Landslide at Halesi Tuwachung Municipality-11,-,other,Landslide,2026-06-10,Koshi,Khotang,Halesi Tuwachung,11,0,0,0,0,0,0,0,0,0,0,0,0,0,0,0,0,0,0,0,0,0,0
Yes,Landslide at Dhankuta Municipality-2,-,other,Landslide,2026-06-10,Koshi,Dhankuta,Dhankuta,2,0,0,0,0,0,0,0,0,0,0,0,0,0,0,0,0,0,0,0,0,0,0
Yes,Landslide at Rolpa Municipality-10,-,other,Landslide,2026-06-09,Lumbini,Rolpa,Rolpa,10,0,0,0,0,0,0,0,0,0,0,0,0,0,0,0,0,0,0,0,0,0,0
Yes,Landslide at Ghorahi Submetropolitan City-5,-,other,Landslide,2026-06-09,Lumbini,Dang,Ghorahi,5,0,0,0,0,0,0,0,0,0,0,0,0,0,0,0,0,0,0,0,0,0,0
Yes,"Landslide at Thumki, Dhankuta Municipality-2",-,nepal_police,Landslide,2026-06-08,Koshi,Dhankuta,Dhankuta,2,0,0,0,0,0,0,0,0,0,0,0,0,0,0,0,0,0,0,0,0,0,0
Yes,Landslide at Khandbari Municipality-7,-,nepal_police,Landslide,2026-06-08,Koshi,Sankhuwasabha,Khandbari,7,0,0,0,0,0,0,0,0,0,0,0,0,0,0,0,0,0,0,0,0,0,0
Yes,"Landslide at Karnali, Simkot Rural Municipality-3",-,nepal_police,Landslide,2026-06-08,Karnali,Humla,Simkot,3,0,0,0,0,0,0,0,0,0,0,0,0,0,0,0,0,0,0,0,0,0,0
Yes,"Landslide at Dhansare, Inaruwa Municipality-8",-,nepal_police,Landslide,2026-06-08,Koshi,Sunsari,Inaruwa,8,0,0,0,0,0,0,0,0,0,0,0,0,0,0,0,0,0,0,0,0,0,0
Yes,Landslide at Bangad Kupinde Municipality-11,-,nepal_police,Landslide,2026-06-08,Karnali,Salyan,Bangad Kupinde,11,0,0,0,0,0,0,0,0,0,0,0,0,0,0,0,0,0,0,0,0,0,0
Yes,"Landslide at Bhiraldanda, Buddhabhumi Municipality-8",-,nepal_police,Landslide,2026-06-08,Lumbini,Kapilbastu,Buddhabhumi,8,0,0,0,0,0,0,0,0,0,0,0,0,0,0,0,0,0,0,0,0,0,0
Yes,"Landslide at Bagmara, Bangad Kupinde Municipality-11",-,nepal_police,Landslide,2026-06-08,Karnali,Salyan,Bangad Kupinde,11,0,0,0,0,0,0,0,0,0,0,0,0,0,0,0,0,0,0,0,0,0,0
Yes,"Landslide at Kalgauda, Shey Phoksundo Rural Municipality-99",-,nepal_police,Landslide,2026-06-08,Karnali,Dolpa,Shey Phoksundo,99,25000,0,0,0,0,1,0,0,0,0,0,0,0,0,0,0,0,0,0,0,0,0
Yes,Landslide at Pachaljharana Rural Municipality-3,-,other,Landslide,2026-06-08,Karnali,Kalikot,Pachaljharana,3,0,0,0,0,0,0,0,0,0,0,0,0,0,0,0,0,0,0,0,0,0,0
Yes,Landslide at Phungling Municipality-10,-,other,Landslide,2026-06-05,Koshi,Taplejung,Phungling,10,0,0,0,0,0,0,0,0,0,0,0,0,0,0,0,0,0,0,0,0,0,0
Yes,"Landslide at Jamuna, Illam Municipality-12",-,nepal_police,Landslide,2026-06-03,Koshi,Ilam,Ilam,12,0,0,0,0,0,0,0,0,0,0,0,0,0,0,0,0,0,0,0,0,0,0
Yes,Landslide at Rolpa Municipality-10,-,nepal_police,Landslide,2026-06-02,Lumbini,Rolpa,Rolpa,10,0,0,0,0,0,0,0,0,0,0,0,0,0,0,0,0,0,0,0,0,0,0
Yes,"Landslide at Saule, Barahtal Rural Municipality-8",-,nepal_police,Landslide,2026-05-30,Karnali,Surkhet,Barahtal,8,0,0,0,0,0,0,0,0,0,0,0,0,0,0,0,0,0,0,0,0,0,0
Yes,"Landslide at Jhaukhel, Bhaktapur Municipality-9",-,nepal_police,Landslide,2026-05-30,Bagmati,Bhaktapur,Bhaktapur,9,0,0,0,0,0,0,0,0,0,0,0,0,0,0,0,0,0,1,1,0,0,0
Yes,Landslide at Galyang Municipality-8,-,other,Landslide,2026-05-29,Gandaki,Syangja,Galyang,8,0,0,0,0,0,0,0,0,0,0,0,0,0,0,0,0,0,0,0,0,0,0
Yes,Landslide at Kageshwori Manahora Municipality-9,-,other,Landslide,2026-05-29,Bagmati,Kathmandu,Kageshwori Manahora,9,0,0,0,0,0,0,0,0,0,0,0,0,0,0,0,0,0,0,0,0,0,0
Yes,Landslide at Bakaiya Rural Municipality-11,-,other,Landslide,2026-05-29,Bagmati,Makwanpur,Bakaiya,11,0,0,0,0,0,0,0,0,0,0,0,0,0,0,0,0,0,0,0,0,0,0
Yes,Landslide at Gaumul Rural Municipality-1,-,other,Landslide,2026-05-28,Sudurpashchim,Bajura,Gaumul,1,0,0,0,0,0,0,0,0,0,0,0,0,0,0,0,0,0,0,0,0,0,0
Yes,Landslide at Bhotkhola Rural Municipality-4,-,other,Landslide,2026-05-28,Koshi,Sankhuwasabha,Bhotkhola,4,0,0,0,0,0,0,0,0,0,0,0,0,0,0,0,0,0,0,0,0,0,0
Yes,Landslide at Budhinanda Municipality-1,-,other,Landslide,2026-05-27,Sudurpashchim,Bajura,Budhinanda,1,0,0,0,0,0,0,0,0,0,0,0,0,0,0,0,0,0,0,0,0,0,0
Yes,Landslide at Loghekar Damodarkunda Rural Municipality-5,-,other,Landslide,2026-05-27,Gandaki,Mustang,Lo Ghekar Damodarkunda,5,0,0,0,0,0,0,0,1,1,0,0,0,0,0,0,0,0,0,0,0,0,0
Yes,Landslide at MadhyaNepal Municipality-10,-,other,Landslide,2026-05-27,Gandaki,Lamjung,MadhyaNepal,10,0,0,0,0,0,0,0,0,0,0,0,0,0,0,0,0,0,0,0,0,0,0
Yes,"Landslide at Khachha, Simkot Rural Municipality-3",-,nepal_police,Landslide,2026-05-26,Karnali,Humla,Simkot,3,0,0,0,0,0,0,0,0,0,0,0,0,0,0,0,0,0,0,0,0,0,0
Yes,Landslide at Pokhara Lekhnath Metropolitan City-15,-,nepal_police,Landslide,2026-05-25,Gandaki,Kaski,Pokhara,15,0,0,0,0,0,0,0,0,0,0,0,0,0,0,0,0,0,0,0,0,0,0
Yes,Landslide at Khandbari Municipality-7,-,other,Landslide,2026-05-25,Koshi,Sankhuwasabha,Khandbari,7,0,0,0,0,0,0,0,0,0,0,0,0,0,0,0,0,0,0,0,0,0,0
Yes,"Landslide at Tamail, Surma Rural Municipality-1",-,nepal_police,Landslide,2026-05-24,Sudurpashchim,Bajhang,Surma,1,0,0,0,0,0,0,0,0,0,0,0,0,0,0,0,0,0,0,0,0,0,0
Yes,"Landslide at Singbiung, Khandbari Municipality-7",-,nepal_police,Landslide,2026-05-24,Koshi,Sankhuwasabha,Khandbari,7,0,0,0,0,0,0,0,0,0,0,0,0,0,0,0,0,0,0,0,0,0,0
Yes,"Landslide at Bittalove, Khandbari Municipality-7",-,other,Landslide,2026-05-23,Koshi,Sankhuwasabha,Khandbari,7,0,0,0,0,0,0,0,0,0,0,0,0,0,0,0,0,0,0,0,0,0,0
Yes,"Landslide at Begkhola, Raghuganga Rural Municipality-8",-,other,Landslide,2026-05-22,Gandaki,Myagdi,Raghuganga,8,0,0,0,0,0,0,0,0,0,0,0,0,0,0,0,0,0,0,0,0,0,0
Yes,"Landslide at Yoam, Phidim Municipality-11",-,other,Landslide,2026-05-22,Koshi,Panchthar,Phidim,11,0,0,0,0,0,0,0,0,0,0,0,0,0,0,0,0,0,0,0,0,0,0
Yes,"Landslide at Bhaisisaina & Jarkot , Pachaljharana Rural Municipality-3",-,other,Landslide,2026-05-21,Karnali,Kalikot,Pachaljharana,3,0,0,0,0,0,0,0,0,0,0,0,0,0,0,0,0,0,0,0,0,0,0
Yes,"Landslide at Tamina, Phidim Municipality-11",-,other,Landslide,2026-05-21,Koshi,Panchthar,Phidim,11,0,0,0,0,0,0,0,0,0,0,0,0,0,0,0,0,0,0,0,0,0,0
Yes,"Landslide at Aankhope, Phaktanglung Rural Municipality-6",-,other,Landslide,2026-05-21,Koshi,Taplejung,Phaktanglung,6,300000,0,0,0,0,1,0,0,0,0,0,0,0,0,0,0,0,0,0,0,0,0
Yes,"Landslide at Aankhope, Phaktanglung Rural Municipality-6",-,other,Landslide,2026-05-21,Koshi,Taplejung,Phaktanglung,6,300000,0,0,0,0,1,0,0,0,0,0,0,0,0,0,0,0,0,0,0,0,0
Yes,"Landslide at Aankhope, Phaktanglung Rural Municipality-6",-,other,Landslide,2026-05-21,Koshi,Taplejung,Phaktanglung,6,300000,0,0,0,0,1,0,0,0,0,0,0,0,0,0,0,0,0,0,0,0,0
Yes,Landslide at Phidim Municipality-11,-,other,Landslide,2026-05-21,Koshi,Panchthar,Phidim,11,0,0,0,0,0,0,0,0,0,0,0,0,0,0,0,0,0,0,0,0,0,0
Yes,Landslide at Phidim Municipality-11,-,other,Landslide,2026-05-21,Koshi,Panchthar,Phidim,11,0,0,0,0,0,3,3,0,0,0,0,0,0,0,0,0,0,0,0,0,0,0
Yes,"Landslide at Oyama, Phidim Municipality-11",-,other,Landslide,2026-05-21,Koshi,Panchthar,Phidim,11,0,0,0,0,0,0,0,0,0,0,0,0,0,0,0,0,0,0,0,0,0,0
Yes,"Landslide at Tallobaisari, Raghuganga Rural Municipality-8",-,nepal_police,Landslide,2026-05-20,Gandaki,Myagdi,Raghuganga,8,0,0,0,0,0,0,0,0,0,0,0,0,0,0,0,0,0,0,0,0,0,0
Yes,Landslide at Phaktanglung Rural Municipality-6,-,nepal_police,Landslide,2026-05-20,Koshi,Taplejung,Phaktanglung,6,900000,0,0,0,0,0,0,0,0,0,0,0,0,0,0,0,0,0,0,0,0,0
Yes,"Landslide at Ghattapakha, Bakaiya Rural Municipality-11",-,nepal_police,Landslide,2026-05-19,Bagmati,Makwanpur,Bakaiya,11,0,0,0,0,0,0,0,0,0,0,0,0,0,0,0,0,0,0,0,0,0,0
Yes,"Landslide at Bharangdanda, Makawanpurgadhi Rural Municipality-5",-,nepal_police,Landslide,2026-05-19,Bagmati,Makwanpur,Makawanpurgadhi,5,0,0,0,0,0,0,0,0,0,0,0,0,0,0,0,0,0,0,0,0,0,0
Yes,"Landslide at Dhansara, Inaruwa Municipality-8",-,nepal_police,Landslide,2026-05-19,Koshi,Sunsari,Inaruwa,8,0,0,0,0,0,0,0,0,0,0,0,0,0,0,0,0,0,0,0,0,0,0
Yes,"Landslide at Sipatole, Bhaktapur Municipality-9",-,nepal_police,Landslide,2026-05-18,Bagmati,Bhaktapur,Bhaktapur,9,0,0,0,0,0,0,0,0,0,0,0,0,0,0,0,0,0,1,1,0,0,0
Yes,"Landslide at Dhumke, Barahtal Rural Municipality-8",-,nepal_police,Landslide,2026-05-18,Karnali,Surkhet,Barahtal,8,0,0,0,0,0,0,0,0,0,0,0,0,0,0,0,0,0,0,0,0,0,0
Yes,Landslide at MadhyaNepal Municipality-10,-,nepal_police,Landslide,2026-05-17,Gandaki,Lamjung,MadhyaNepal,10,0,0,0,0,0,0,0,0,0,0,0,0,0,0,0,0,0,0,0,0,0,0
Yes,Landslide at Inaruwa Municipality-8,-,other,Landslide,2026-05-15,Koshi,Sunsari,Inaruwa,8,0,0,0,0,0,0,0,0,0,0,0,0,0,0,0,0,0,0,0,0,0,0
Yes,"Landslide at Limbudin Norunga Kholsa , Sidingba Rural Municipality-5",-,other,Landslide,2026-05-15,Koshi,Taplejung,Sidingba,5,0,0,0,0,0,0,0,0,0,0,0,0,0,0,0,0,0,0,0,0,0,0
Yes,Landslide at Khumbupasanglahmu Rural Municipality-3,-,other,Landslide,2026-05-15,Koshi,Solukhumbu,Khumbu Pasanglhamu,3,0,0,0,0,0,0,0,0,0,0,0,0,0,0,0,0,0,1,1,0,0,0
Yes,Landslide at Raghuganga Rural Municipality-8,-,other,Landslide,2026-05-14,Gandaki,Myagdi,Raghuganga,8,0,0,0,0,0,0,0,0,0,0,0,0,0,0,0,0,0,0,0,0,0,0
Yes,"Landslide at Ragakate, Halesi Tuwachung Municipality-11",-,other,Landslide,2026-05-13,Koshi,Khotang,Halesi Tuwachung,11,0,0,0,0,0,0,0,0,0,0,0,0,0,0,0,0,0,0,0,0,0,0
Yes,"Landslide at Bimirebhanjayang, MadhyaNepal Municipality-10",-,other,Landslide,2026-05-13,Gandaki,Lamjung,MadhyaNepal,10,0,0,0,0,0,0,0,0,0,0,0,0,0,0,0,0,0,0,0,0,0,0
Yes,Landslide at Chulachuli Rural Municipality-6,-,other,Landslide,2026-05-13,Koshi,Ilam,Chulachuli,6,0,0,0,0,0,0,0,0,0,0,0,0,0,0,0,0,0,0,0,0,0,0
Yes,"Landslide at mahabhir, Raghuganga Rural Municipality-8",-,nepal_police,Landslide,2026-05-11,Gandaki,Myagdi,Raghuganga,8,0,0,0,0,0,0,0,0,0,0,0,0,0,0,0,0,0,0,0,0,0,0
Yes,"Landslide at Hattisude, Katari Municipality-11",-,nepal_police,Landslide,2026-05-11,Koshi,Udayapur,Katari,11,0,0,0,0,0,0,0,0,0,0,0,0,0,0,0,0,0,0,0,0,0,0
Yes,Landslide at Rolpa Municipality-10,-,other,Landslide,2026-05-09,Lumbini,Rolpa,Rolpa,10,0,0,0,0,0,0,0,0,0,0,0,0,0,0,0,0,0,0,0,0,0,0
Yes,Landslide at Phaktanglung Rural Municipality-6,-,nepal_police,Landslide,2026-05-08,Koshi,Taplejung,Phaktanglung,6,0,0,0,0,0,0,0,0,0,0,0,0,0,0,0,0,0,0,0,0,0,0
Yes,"Landslide at Hattisude, Katari Municipality-11",-,nepal_police,Landslide,2026-05-07,Koshi,Udayapur,Katari,11,0,0,0,0,0,0,0,0,0,0,0,0,0,0,0,0,0,0,0,0,0,0
Yes,"Landslide at Chapali, Konjyosom Rural Municipality-4",-,nepal_police,Landslide,2026-05-07,Bagmati,Lalitpur,Konjyosom,4,0,0,0,0,0,0,0,0,0,0,0,0,0,0,0,0,0,0,0,0,0,0
Yes,"Landslide at Bharayangdanda, Makawanpurgadhi Rural Municipality-5",-,nepal_police,Landslide,2026-05-07,Bagmati,Makwanpur,Makawanpurgadhi,5,0,0,0,0,0,0,0,0,0,0,0,0,0,0,0,0,0,0,0,0,0,0
Yes,"Landslide at Thumki, Dhankuta Municipality-2",-,nepal_police,Landslide,2026-05-06,Koshi,Dhankuta,Dhankuta,2,0,0,0,0,0,0,0,0,0,0,0,0,0,0,0,0,0,0,0,0,0,0
Yes,Landslide at Inaruwa Municipality-8,-,other,Landslide,2026-05-06,Koshi,Sunsari,Inaruwa,8,0,0,0,0,0,0,0,0,0,0,0,0,0,0,0,0,0,0,0,0,0,0
Yes,"Landslide at Tuin Khola , Ichchhyakamana Rural Municipality-5",-,other,Landslide,2026-05-06,Bagmati,Chitwan,Ichchhakamana,5,0,0,0,0,0,0,0,0,0,0,0,0,0,0,0,0,0,0,0,0,0,0
Yes,Landslide at Anbukhaireni Rural Municipality-4,-,other,Landslide,2026-05-06,Gandaki,Tanahu,Aanbookhaireni,4,0,0,0,0,0,0,0,0,0,0,0,0,0,0,0,0,0,0,0,0,0,0
Yes,"Landslide at Siddhababa Temple , Tinau Rural Municipality-3",-,other,Landslide,2026-05-06,Lumbini,Palpa,Tinau,3,0,0,0,0,0,0,0,0,0,0,0,0,0,0,0,0,0,0,0,0,0,0
Yes,"Landslide at Kantilokpath, Konjyosom Rural Municipality-4",-,nepal_police,Landslide,2026-05-05,Bagmati,Lalitpur,Konjyosom,4,0,0,0,0,0,0,0,0,0,0,0,0,0,0,0,0,0,0,0,0,0,0
Yes,"Landslide at Dhansare, Khandbari Municipality-7",-,nepal_police,Landslide,2026-05-05,Koshi,Sankhuwasabha,Khandbari,7,0,0,0,0,0,0,0,0,0,0,0,0,0,0,0,0,0,0,0,0,0,0
Yes,Landslide at Triyuga Municipality-15,-,nepal_police,Landslide,2026-05-05,Koshi,Udayapur,Triyuga,15,0,0,0,0,0,0,0,0,0,0,0,0,0,0,0,0,0,0,0,0,0,0
Yes,"Landslide at Hurhure, Rautamai Rural Municipality-7",-,nepal_police,Landslide,2026-05-05,Koshi,Udayapur,Rautamai,7,0,0,0,0,0,0,0,0,0,0,0,0,0,0,0,0,0,0,0,0,0,0
Yes,Landslide at Sharada Municipality-9,-,other,Landslide,2026-05-05,Karnali,Salyan,Sharada,9,0,0,0,0,0,0,0,0,0,0,0,0,0,0,0,0,0,0,0,0,0,0
Yes,"Landslide at Malmul, Mathagadhi Rural Municipality-1",-,nepal_police,Landslide,2026-05-05,Lumbini,Palpa,Mathagadhi,1,0,0,0,0,0,0,0,0,0,0,0,0,0,0,0,0,0,0,0,0,0,0
Yes,"Landslide at Kharkhola, Sharada Municipality-9",-,nepal_police,Landslide,2026-05-05,Karnali,Salyan,Sharada,9,0,0,0,0,0,0,0,0,0,0,0,0,0,0,0,0,0,0,0,0,0,0
Yes,Landslide at Sharada Municipality-9,-,nepal_police,Landslide,2026-05-05,Karnali,Salyan,Sharada,9,0,0,0,0,0,0,0,0,0,0,0,0,0,0,0,0,0,0,0,0,0,0
Yes,"Landslide at Bimereabhanjhang, MadhyaNepal Municipality-10",-,nepal_police,Landslide,2026-05-04,Gandaki,Lamjung,MadhyaNepal,10,0,0,0,0,0,0,0,0,0,0,0,0,0,0,0,0,0,0,0,0,0,0
Yes,Landslide at Inaruwa Municipality-8,-,nepal_police,Landslide,2026-05-04,Koshi,Sunsari,Inaruwa,8,0,0,0,0,0,0,0,0,0,0,0,0,0,0,0,0,0,0,0,0,0,0
Yes,"Landslide at Bimirebhanjayang, MadhyaNepal Municipality-10",-,nepal_police,Landslide,2026-05-03,Gandaki,Lamjung,MadhyaNepal,10,0,0,0,0,0,0,0,0,0,0,0,0,0,0,0,0,0,0,0,0,0,0
Yes,"Landslide at Kantilokpath, Konjyosom Rural Municipality-4",-,nepal_police,Landslide,2026-05-03,Bagmati,Lalitpur,Konjyosom,4,0,0,0,0,0,0,0,0,0,0,0,0,0,0,0,0,0,0,0,0,0,0
Yes,"Landslide at Kantilokpath, Makawanpurgadhi Rural Municipality-5",-,nepal_police,Landslide,2026-05-03,Bagmati,Makwanpur,Makawanpurgadhi,5,0,0,0,0,0,0,0,0,0,0,0,0,0,0,0,0,0,0,0,0,0,0
Yes,"Landslide at Bhasubhir, Gauriganga Municipality-9",-,nepal_police,Landslide,2026-05-03,Sudurpashchim,Kailali,Gauriganga,9,0,0,0,0,0,0,0,0,0,0,0,0,0,0,0,0,0,0,0,0,0,0
Yes,"Landslide at Phadi, Machhapuchchhre Rural Municipality-2",-,nepal_police,Landslide,2026-05-03,Gandaki,Kaski,Machhapuchchhre,2,0,0,0,0,0,0,0,0,0,0,0,0,0,0,0,0,0,0,0,0,0,0
Yes,Landslide at Phaktanglung Rural Municipality-6,-,nepal_police,Landslide,2026-05-03,Koshi,Taplejung,Phaktanglung,6,0,0,0,0,0,0,0,0,0,0,0,0,0,0,0,0,0,0,0,0,0,0
Yes,"Landslide at Pangdur, Konjyosom Rural Municipality-4",-,other,Landslide,2026-05-02,Bagmati,Lalitpur,Konjyosom,4,0,0,0,0,0,0,0,0,0,0,0,0,0,0,0,0,0,0,0,0,0,0
Yes,"Landslide at Khahare Khola , Sarumarani Rural Municipality-4",-,other,Landslide,2026-05-02,Lumbini,Pyuthan,Sarumarani,4,0,0,0,0,0,0,0,0,0,0,0,0,0,0,0,0,0,0,0,0,0,0
Yes,"Landslide at Bhryangdanda , Bhimphedi Rural Municipality-8",-,other,Landslide,2026-05-02,Bagmati,Makwanpur,Bhimphedi,8,0,0,0,0,0,0,0,0,0,0,0,0,0,0,0,0,0,0,0,0,0,0
Yes,"Landslide at Bimire bhanjyang , MadhyaNepal Municipality-10",-,other,Landslide,2026-05-02,Gandaki,Lamjung,MadhyaNepal,10,0,0,0,0,0,0,0,0,0,0,0,0,0,0,0,0,0,0,0,0,0,0
Yes,Landslide at Resunga Municipality-14,-,nepal_police,Landslide,2026-05-02,Lumbini,Gulmi,Resunga,14,0,0,0,0,0,0,0,0,0,0,0,0,0,0,0,0,0,0,0,0,0,0
Yes,"Landslide at Chathandamar, Pyuthan Municipality-7",-,nepal_police,Landslide,2026-05-02,Lumbini,Pyuthan,Pyuthan,7,500000,0,0,0,0,1,0,0,0,0,0,0,0,0,0,0,0,0,0,0,0,0
Yes,"Landslide at Asrang, Konjyosom Rural Municipality-4",-,nepal_police,Landslide,2026-05-02,Bagmati,Lalitpur,Konjyosom,4,0,0,0,0,0,0,0,0,0,0,0,0,0,0,0,0,0,0,0,0,0,0
Yes,"Landslide at Siddhababa, Mathagadhi Rural Municipality-1",-,nepal_police,Landslide,2026-05-02,Lumbini,Palpa,Mathagadhi,1,0,0,0,0,0,0,0,0,0,0,0,0,0,0,0,0,0,0,0,0,0,0
Yes,"Landslide at Bhijera , Raghuganga Rural Municipality-8",-,other,Landslide,2026-04-30,Gandaki,Myagdi,Raghuganga,8,0,0,0,0,0,0,0,1,1,0,0,0,0,0,0,0,0,0,0,0,0,0
Yes,Landslide at Inaruwa Municipality-8,-,other,Landslide,2026-04-30,Koshi,Sunsari,Inaruwa,8,0,0,0,0,0,0,0,0,0,0,0,0,0,0,0,0,0,0,0,0,0,0
Yes,"Landslide at Karam Chowk , Belaka Municipality-7",-,other,Landslide,2026-04-30,Koshi,Udayapur,Belaka,7,0,0,0,0,0,0,0,0,0,0,0,0,0,0,0,0,0,0,0,0,0,0
Yes,"Landslide at Bimirebhanjayang, MadhyaNepal Municipality-10",-,other,Landslide,2026-04-29,Gandaki,Lamjung,MadhyaNepal,10,0,0,0,0,0,0,0,0,0,0,0,0,0,0,0,0,0,0,0,0,0,0
Yes,"Landslide at Koshi Highway , Khandbari Municipality-7",-,other,Landslide,2026-04-29,Koshi,Sankhuwasabha,Khandbari,7,0,0,0,0,0,0,0,0,0,0,0,0,0,0,0,0,0,0,0,0,0,0
Yes,Landslide at Khandbari Municipality-7,-,other,Landslide,2026-04-29,Koshi,Sankhuwasabha,Khandbari,7,100000,0,0,0,0,0,0,0,0,0,0,0,0,0,0,0,0,0,0,0,0,0
Yes,"Landslide at Bimirebhanjayang, MadhyaNepal Municipality-10",-,nepal_police,Landslide,2026-04-28,Gandaki,Lamjung,MadhyaNepal,10,0,0,0,0,0,0,0,0,0,0,0,0,0,0,0,0,0,0,0,0,0,0
Yes,"Landslide at Jalthale, Raghuganga Rural Municipality-8",-,nepal_police,Landslide,2026-04-28,Gandaki,Myagdi,Raghuganga,8,0,0,0,0,0,0,0,0,0,0,0,0,0,0,0,0,0,0,0,0,0,0
Yes,"Landslide at Kodari, Jugal Rural Municipality-2",-,nepal_police,Landslide,2026-04-28,Bagmati,Sindhupalchok,Jugal,2,0,0,0,0,0,0,0,0,0,0,0,0,0,0,0,0,0,0,0,0,0,0
Yes,"Landslide at Maurikhola , Barbardiya Municipality-7",-,other,Landslide,2026-04-27,Lumbini,Bardiya,Barbardiya,7,0,0,0,0,0,0,0,0,0,0,0,0,0,0,0,0,0,0,0,0,0,0
Yes,"Landslide at Mathillohuni, Gaumul Rural Municipality-1",-,nepal_police,Landslide,2026-04-27,Sudurpashchim,Bajura,Gaumul,1,0,0,0,0,0,0,13,0,0,0,0,0,0,0,0,0,0,0,0,0,0,0
Yes,Landslide at Putha Uttarganga Rural Municipality-12,-,other,Landslide,2026-04-26,Lumbini,Rukum East,Putha Uttarganga,12,0,0,0,0,0,0,0,0,0,0,0,0,0,0,0,0,0,0,0,0,0,0
Yes,"Landslide at Kalikhola , Banfikot Rural Municipality-6",-,nepal_police,Landslide,2026-04-25,Karnali,Rukum West,Banphikot,6,0,0,0,0,0,0,0,0,0,0,0,0,0,0,0,0,0,0,0,0,0,0
Yes,"Landslide at mabang, Sunchhahari Rural Municipality-5",-,nepal_police,Landslide,2026-04-24,Lumbini,Rolpa,Sunchhahari,5,0,0,0,0,0,0,0,0,0,0,0,0,0,0,0,0,0,0,0,0,0,0
Yes,"Landslide at Kimubote, Bhume Rural Municipality-3",-,nepal_police,Landslide,2026-04-24,Lumbini,Rukum East,Bhume,3,0,0,0,0,0,0,0,0,0,0,0,0,0,0,0,0,0,0,0,0,0,0
Yes,"Landslide at Adame, Phidim Municipality-11",-,nepal_police,Landslide,2026-04-24,Koshi,Panchthar,Phidim,11,0,0,0,0,0,0,0,0,0,0,0,0,0,0,0,0,0,0,0,0,0,0
Yes,"Landslide at Kalabhir, Dharche Rural Municipality-3",-,nepal_police,Landslide,2026-04-24,Gandaki,Gorkha,Dharche,3,0,0,0,0,0,0,0,0,0,0,0,0,0,0,0,0,0,0,0,0,0,0
Yes,"Landslide at Khachha, Sarkegad Rural Municipality-1",-,nepal_police,Landslide,2026-04-24,Karnali,Humla,Sarkegad,1,0,0,0,0,0,0,0,0,0,0,0,0,0,0,0,0,0,0,0,0,0,0
Yes,"Landslide at Rasuwagadhi, Gosaikunda Rural Municipality-2",-,nepal_police,Landslide,2026-04-24,Bagmati,Rasuwa,Gosaikunda,2,0,0,0,0,0,0,0,0,0,0,0,0,0,0,0,0,0,0,0,0,0,0
Yes,"Landslide at Shreebeade, Shey Phoksundo Rural Municipality-99",-,nepal_police,Landslide,2026-04-24,Karnali,Dolpa,Shey Phoksundo,99,0,0,0,0,0,0,0,0,0,0,0,0,0,0,0,0,0,0,0,0,0,0
Yes,"Landslide at Panitanki, Bhojpur Municipality-11",-,nepal_police,Landslide,2026-04-24,Koshi,Bhojpur,Bhojpur,11,0,0,0,0,0,0,0,0,0,0,0,0,0,0,0,0,0,0,0,0,0,0
Yes,"Landslide at Bagkhor , Rong Rural Municipality-4",-,other,Landslide,2026-04-21,Koshi,Ilam,Rong,4,0,0,0,0,0,0,0,0,0,0,0,0,0,0,0,0,0,0,0,0,0,0
Yes,"Landslide at Ghayaru, Narpa Bhoomi Rural Municipality-3",-,nepal_police,Landslide,2026-04-19,Gandaki,Manang,Narpa Bhoomi,3,0,0,0,0,0,0,0,1,1,0,0,0,0,0,0,0,0,1,1,0,0,0
Yes,"Landslide at Bagkhor , Rong Rural Municipality-4",-,other,Landslide,2026-04-12,Koshi,Ilam,Rong,4,0,0,0,0,0,0,0,0,0,0,0,0,0,0,0,0,0,0,0,0,0,0
Yes,"Landslide at Thumki, Sangurigadhi Rural Municipality-6",-,other,Landslide,2026-04-08,Koshi,Dhankuta,Sangurigadhi,6,0,0,0,0,0,0,0,0,0,0,0,0,0,0,0,0,0,0,0,0,0,0
Yes,"Landslide at Simbong, Bhotkhola Rural Municipality-4",-,other,Landslide,2026-04-08,Koshi,Sankhuwasabha,Bhotkhola,4,0,0,0,0,0,0,0,0,0,0,0,0,0,0,0,0,0,0,0,0,0,0
Yes,"Landslide at Kalabhir, Dharche Rural Municipality-1",-,other,Landslide,2026-04-06,Gandaki,Gorkha,Dharche,1,0,0,0,0,0,0,0,0,0,0,0,0,0,0,0,0,0,0,0,0,0,0
Yes,"Landslide at hallanagar, Shivaraj Municipality-2",-,other,Landslide,2026-04-05,Lumbini,Kapilbastu,Shivraj,2,0,0,0,0,0,0,0,0,0,0,0,0,0,0,0,0,0,1,1,0,0,0
Yes,Landslide at Gaumul Rural Municipality-3,-,other,Landslide,2026-04-04,Sudurpashchim,Bajura,Gaumul,3,3590000,0,0,0,0,0,0,0,0,0,0,0,0,0,0,0,0,0,0,0,0,0
Yes,Landslide at Jugal Rural Municipality-2,-,other,Landslide,2026-03-31,Bagmati,Sindhupalchok,Jugal,2,0,0,0,0,0,0,0,0,0,0,0,0,0,0,0,0,0,0,0,0,0,0
Yes,"Landslide at Bimire bhanjyang , MadhyaNepal Municipality-10",-,other,Landslide,2026-03-30,Gandaki,Lamjung,MadhyaNepal,10,0,0,0,0,0,0,0,0,0,0,0,0,0,0,0,0,0,0,0,0,0,0
Yes,"Landslide at Chhongrang, Bhotkhola Rural Municipality-4",-,other,Landslide,2026-03-28,Koshi,Sankhuwasabha,Bhotkhola,4,0,0,0,0,0,0,0,0,0,0,0,0,0,0,0,0,0,0,0,0,0,0
Yes,"Landslide at Thumki, Sangurigadhi Rural Municipality-6",-,other,Landslide,2026-03-28,Koshi,Dhankuta,Sangurigadhi,6,0,0,0,0,0,0,0,0,0,0,0,0,0,0,0,0,0,0,0,0,0,0
Yes,Landslide at Illam Municipality-12,-,other,Landslide,2026-03-28,Koshi,Ilam,Ilam,12,0,0,0,0,0,0,0,0,0,0,0,0,0,0,0,0,0,0,0,0,0,0
Yes,Landslide at Khandbari Municipality-7,-,other,Landslide,2026-03-28,Koshi,Sankhuwasabha,Khandbari,7,0,0,0,0,0,0,0,0,0,0,0,0,0,0,0,0,0,0,0,0,0,0
Yes,Landslide at Sangurigadhi Rural Municipality-6,-,other,Landslide,2026-03-28,Koshi,Dhankuta,Sangurigadhi,6,0,0,0,0,0,0,0,0,0,0,0,0,0,0,0,0,0,0,0,0,0,0
Yes,Landslide at Dhankuta Municipality-2,-,other,Landslide,2026-03-27,Koshi,Dhankuta,Dhankuta,2,0,0,0,0,0,0,0,0,0,0,0,0,0,0,0,0,0,1,1,0,0,0
Yes,"Landslide at Khoxe Khola, Phungling Municipality-8",-,other,Landslide,2026-03-26,Koshi,Taplejung,Phungling,8,0,0,0,0,0,0,0,0,0,0,0,0,0,0,0,0,0,0,0,0,0,0
Yes,"Landslide at Kodhari, Bhotekoshi Rural Municipality-2",-,other,Landslide,2026-03-26,Bagmati,Sindhupalchok,Bhotekoshi,2,0,0,0,0,0,0,0,0,0,0,0,0,0,0,0,0,0,0,0,0,0,0
Yes,Landslide at Makawanpurgadhi Rural Municipality-5,-,other,Landslide,2026-03-26,Bagmati,Makwanpur,Makawanpurgadhi,5,0,0,0,0,0,0,0,0,0,0,0,0,0,0,0,0,0,0,0,0,0,0
Yes,Landslide at Benighat Rorang Rural Municipality-7,-,other,Landslide,2026-03-26,Bagmati,Dhading,Benighat Rorang,7,0,0,0,0,0,0,0,0,0,0,0,0,0,0,0,0,0,0,0,0,0,0
Yes,Landslide at Jugal Rural Municipality-2,-,other,Landslide,2026-03-26,Bagmati,Sindhupalchok,Jugal,2,0,0,0,0,0,0,0,0,0,0,0,0,0,0,0,0,0,0,0,0,0,0
Yes,"Landslide at Gaujini, Shivapuri Rural Municipality-3",-,other,Landslide,2026-03-24,Bagmati,Nuwakot,Shivapuri,3,0,0,0,0,0,0,0,2,2,0,0,0,0,0,0,0,0,0,0,0,0,0
Yes,"Landslide at khose khola, Pathibhara Yangwarak Rural Municipality-1",-,other,Landslide,2026-03-24,Koshi,Taplejung,Pathibhara Yangwarak,1,0,0,0,0,0,0,0,0,0,0,0,0,0,0,0,0,0,0,0,0,0,0
Yes,Landslide at Dhankuta Municipality-2,-,other,Landslide,2026-03-23,Koshi,Dhankuta,Dhankuta,2,0,0,0,0,0,0,0,0,0,0,0,0,0,0,0,0,0,0,0,0,0,0
Yes,Landslide at Inaruwa Municipality-8,-,other,Landslide,2026-03-23,Koshi,Sunsari,Inaruwa,8,0,0,0,0,0,0,0,0,0,0,0,0,0,0,0,0,0,0,0,0,0,0
Yes,"Landslide at Thumki, Sangurigadhi Rural Municipality-6",-,other,Landslide,2026-03-20,Koshi,Dhankuta,Sangurigadhi,6,0,0,0,0,0,0,0,0,0,0,0,0,0,0,0,0,0,0,0,0,0,0
Yes,Landslide at Konjyosom Rural Municipality-4,-,other,Landslide,2026-03-19,Bagmati,Lalitpur,Konjyosom,4,0,0,0,0,0,0,0,0,0,0,0,0,0,0,0,0,0,0,0,0,0,0
Yes,Landslide at Bhimphedi Rural Municipality-8,-,other,Landslide,2026-03-19,Bagmati,Makwanpur,Bhimphedi,8,0,0,0,0,0,0,0,0,0,0,0,0,0,0,0,0,0,0,0,0,0,0
Yes,Landslide at Alital Rural Municipality-3,-,other,Landslide,2026-03-19,Sudurpashchim,Dadeldhura,Alital,3,0,0,0,0,0,0,0,0,0,0,0,0,0,0,0,0,0,0,0,0,0,0
Yes,Landslide at Siddhalek Rural Municipality-6,-,other,Landslide,2026-03-17,Bagmati,Dhading,Siddhalek,6,0,0,0,0,0,0,0,0,0,0,0,0,0,0,0,0,0,0,0,0,0,0
Yes,Landslide at Tarkeshwar Rural Municipality-4,-,other,Landslide,2026-03-15,Bagmati,Nuwakot,Tarkeshwar,4,0,0,0,0,0,0,0,0,0,0,0,0,0,0,0,0,0,2,2,0,0,0
